Site Category,Site Name,Site Domain,Pocket Listings
sub-domain,Evan (Richard) Bliss,evan.bayregroup.com,0 listings: []
sub-domain,Olympia Pistalu - Real Experts (2.0),olympia.therealexperts.com,0 listings: []
sub-domain,Fatemah Nikchehi - Own Real Estate,bayarea.theownteam.com,0 listings: []
sub-domain,Chris Rael - Olani Homes,theraelgroup.olanihomes.com,0 listings: []
sub-domain,Azalia Benjamin-Mathis - Energy Realty,azaliamathishomesteam.energy-realty.com,0 listings: []
sub-domain,Christy Pak - 8 Blocks Real Estate (2.0),christy.8blocksrealestate.com,0 listings: []
sub-domain,The Norman Team - Energy Realty,thenormanteam.energy-realty.com,0 listings: []
sub-domain,Thomas Feng - Momentum Realty (2.0),thomas.momentumbayarea.com,0 listings: []
sub-domain,Tim Huxley - Room Real Estate,tim.roomsantacruz.com,0 listings: []
sub-domain,Michelle Hodges - Lodestone Real Estate,mchodgesg.lodestoneca.com,0 listings: []
sub-domain,Deven Ortiz - The Avenue Home collective,teamortiz.theavenuehc.com,0 listings: []
sub-domain,Victoria Velazquez Amalfi Estates,victoria.amalfiestates.com,0 listings: []
sub-domain,Cheyenne Ward - Perspective Real Estate,cheyenneward.indigogrouprealestate.com,0 listings: []
sub-domain,Earle Makin - Tera Real Estate,earle.terarealestate.com,0 listings: []
sub-domain,Mary Mouritsen - Beyond Realty,barefootbungalow.beyondrealtyfl.com,0 listings: []
sub-domain,Randy Garcia - Kinetic Real Estate,randygarciaassociates.kineticrealestate.com,0 listings: []
sub-domain,Cindy Lopez - Lodestone Real Estate,cindy.lodestoneca.com,0 listings: []
sub-domain,Peter Eubank - Room Real Estate,epg.roomsantacruz.com,0 listings: []
sub-domain,Aston Rose Sports And Entertainment - FL,fl.astonrosese.com,0 listings: []
sub-domain,Shalini Reddy - City Real Estate,shalini.cityrealestatesf.com,0 listings: []
sub-domain,Melissa Lanier - Bella Vie Real Estate,melissa.bellavierealestate.com,0 listings: []
sub-domain,The Perez Home Team,theperezhometeam.guidere.com,0 listings: []
sub-domain,Steven Bui - Tera Real Estate (2.0),steven.terarealestate.com,0 listings: []
sub-domain,Courtney Jung - City Real Estate,junglennan.cityrealestatesf.com,0 listings: []
sub-domain,Stephanie Carter - Nest Finders,monarchteam.nestfinderstx.com,0 listings: []
sub-domain,Aston Rose Sports And Entertainment - CA,ca.astonrosese.com,0 listings: []
sub-domain,Laura Taylor - Generation RE (2.0),laura.generationsf.com,0 listings: []
sub-domain,J. Babcock (Prime Lux) - Momentum Luxury,prime.momentumlux.com,0 listings: []
sub-domain,Rucker Schwartz - Legacy Real Est. (2.0),ruckerschwartz.legacysfhomes.com,0 listings: []
sub-domain,Mauana Anderson - All City Homes,mauana.allcityhomes.com,0 listings: []
sub-domain,James Headley - Beyond Realty,james.beyondrealtyfl.com,0 listings: []
sub-domain,Stephen Lin - Everhome Real Estate,stephen.everhomere.com,0 listings: []
sub-domain,Ricardo Alvarez - BLVD Real Estate,alvarezassociates.blvdeastbay.com,0 listings: []
sub-domain,Hestia - Nest Finders TX,hestia.nestfinderstx.com,0 listings: []
sub-domain,Lolita Bagramyan - Revel Real Estate,lolita.revelrealestate.com,0 listings: []
sub-domain,Suzan Reily - City Real Estate,suzy.cityrealestatesf.com,0 listings: []
sub-domain,Pat Lee - Mosaik Real Estate,patleeteam.mosaikrealestate.com,0 listings: []
sub-domain,The Bloom Group - Velocity Realty,thebloomgroup.velocityrealtysd.com,0 listings: []
sub-domain,Sheri Cunningham - Bella Vie Real Estate,sheri.bellavierealestate.com,0 listings: []
sub-domain,Darlene Casey - Ocean Insiders,lovenaples.oceaninsidersre.com,0 listings: []
sub-domain,Kevin Cole Cormack - BarbCo Real Estate,kc.realestatesf.com,0 listings: []
sub-domain,Tuan Nguyen,tuan.bellavierealestate.com,0 listings: []
sub-domain,Joy Liu - Helm Real Estate (2.0),joyliu.helmrealestate.com,0 listings: []
sub-domain,Erika WIlson - Ennoble Realty,wilsonhomesteam.ennoblerealty.com,0 listings: []
sub-domain,Katie Cleaver - Bella Vie Real Estate,katie.bellavierealestate.com,0 listings: []
sub-domain,Tyson - Trillion Real Estate,tyson.trillionrealestate.com,0 listings: []
sub-domain,City View Realty Group - NestFinders TX,cityview.nestfinderstx.com,0 listings: []
sub-domain,Leslie Bauer - City Real Estate,highrises2homes.cityrealestatesf.com,0 listings: []
sub-domain,Element Real Estate (2.0),jaimedupont.homesteadreca.com,0 listings: []
sub-domain,Joshua Breen - Journey Real Estate,josh.thejourneyre.com,0 listings: []
sub-domain,Norman Fung,normfung.mosaikrealestate.com,0 listings: []
sub-domain,Danny Yadegar - Generation RE (2.0),danny.generationsf.com,"39 listings: ['https://danny.generationsf.com/listing/6868-pinehaven-rd/', 'https://danny.generationsf.com/listing/2341-carleton-st/', 'https://danny.generationsf.com/listing/664-woodmont-ave/', 'https://danny.generationsf.com/listing/552-north-st/', 'https://danny.generationsf.com/listing/5714-broadway-ave/', 'https://danny.generationsf.com/listing/1028-arlington-ave/', 'https://danny.generationsf.com/listing/920-e-17th-st/', 'https://danny.generationsf.com/listing/20-velasco-ct/', 'https://danny.generationsf.com/listing/3883-coolidge-ave/', 'https://danny.generationsf.com/listing/1524-ramona-way/', 'https://danny.generationsf.com/listing/66-fairmount-ave-101/', 'https://danny.generationsf.com/listing/4-anchor-dr-f226/', 'https://danny.generationsf.com/listing/323-monte-vista-ave-210/', 'https://danny.generationsf.com/listing/383-staten-ave-201/', 'https://danny.generationsf.com/listing/3317-grand-ave/', 'https://danny.generationsf.com/listing/762a-fell-st/', 'https://danny.generationsf.com/listing/758-haight-st-5/', 'https://danny.generationsf.com/listing/325-china-basin-st-307/', 'https://danny.generationsf.com/listing/duboce-triangle/', 'https://danny.generationsf.com/listing/260-king-st-529/', 'https://danny.generationsf.com/listing/2027-10th-ave/', 'https://danny.generationsf.com/listing/1470-32nd-ave/', 'https://danny.generationsf.com/listing/2965-2967-mission-st/', 'https://danny.generationsf.com/listing/8-jordan-ave-11/', 'https://danny.generationsf.com/listing/247-noe-st/', 'https://danny.generationsf.com/listing/235-san-francisco-blvd/', 'https://danny.generationsf.com/listing/27-sable-point/', 'https://danny.generationsf.com/listing/477-vermont-street/', 'https://danny.generationsf.com/listing/147-fair-oaks/', 'https://danny.generationsf.com/listing/5340-broadway-ter-204/', 'https://danny.generationsf.com/listing/47-harbor-view/', 'https://danny.generationsf.com/listing/637-s-van-ness-ave/', 'https://danny.generationsf.com/listing/731-59th-st/', 'https://danny.generationsf.com/listing/529-28th-st/', 'https://danny.generationsf.com/listing/50-wyngaard-ave/', 'https://danny.generationsf.com/listing/1520-taylor-st-103/', 'https://danny.generationsf.com/listing/147-day-st-3/', 'https://danny.generationsf.com/listing/48-50-winfield-st/', 'https://danny.generationsf.com/listing/4521-25th-st-2/']"
sub-domain,Payal Ramsisaria - Real Estate Experts,payal.therealexperts.com,0 listings: []
sub-domain,Leyla Alhosseini - Ascend Real Estate,leyla.ascendre.com,0 listings: []
sub-domain,Yvette Illuminate (2.0),yvette.illuminateproperties.com,0 listings: []
sub-domain,Michelle Wahler - Marterra,michelle.marterra.com,0 listings: []
sub-domain,Robin Ward,robin.bellavierealestate.com,0 listings: []
sub-domain,Beverly Savelli - Navigate Realty,beverly.teamnavigate.com,0 listings: []
sub-domain,Nicole Mickle - Momentum Luxury,modernlivingcollectiongroup.momentumlux.com,0 listings: []
sub-domain,Ashley Gimenez + Echelon Real Estate,gimenezrealtygroup.echeloncalifornia.com,0 listings: []
sub-domain,Andy Weir - Stroyke Properties (2.0),andy.stroykeproperties.com,0 listings: []
sub-domain,Ross Collins - Diamante Realty,collinssierra.diamanterealty.com,0 listings: []
sub-domain,Anna Barbagelata - BarbCo Real Estate,anna.realestatesf.com,0 listings: []
sub-domain,Bryan Jones - Nest Finders,thejonesteam.nestfinderstx.com,0 listings: []
sub-domain,Nate Davis Navigate Realty,nate.teamnavigate.com,0 listings: []
sub-domain,Victor Tran - Ascend Real Estate,vic.ascendre.com,0 listings: []
sub-domain,Natalia Cerpa - Nest Finders - CA,cerpagroup.nestfindersca.com,0 listings: []
sub-domain,Kelly Baldwin - Real Estate Experts,kelly.therealexperts.com,0 listings: []
sub-domain,Ryan Bakalarski - City Real Estate,tbg.cityrealestatesf.com,0 listings: []
sub-domain,Justin Hedemark - Helm Real Estate,justin.helmrealestate.com,0 listings: []
sub-domain,Tim and Ryan - Real Estate Experts (2.0),timandryan.therealexperts.com,0 listings: []
sub-domain,Maria Jimenez - Nest Finders,singular.nestfinderstx.com,0 listings: []
sub-domain,scottpiperelation,scott.elationre.com,0 listings: []
sub-domain,David Staruch - Nest Finders - FL,pelicanteam.nestfindersfl.com,0 listings: []
sub-domain,Melissa Jean Stearns - Room Real Estate,mj.roomsantacruz.com,0 listings: []
sub-domain,Oliver Kane - Boutique Real Estate,renovate.inmotionreca.com,0 listings: []
sub-domain,Rosemary Yandell - Elation Real Estate,rosie.elationre.com,0 listings: []
sub-domain,Nancy Foley - Pro Players Realty Usa,fancyrealty.proplayersrealtyusa.com,0 listings: []
sub-domain,Jamie - Kindred SF Homes (2.0),jamiecomersf.kindredsfhomes.com,0 listings: []
sub-domain,Holmes and Properties - Nest Finders,hpg.nestfinderstx.com,0 listings: []
sub-domain,Karen Kounter - Major League Properties,karenkounterteam.majorleaguesocal.com,0 listings: []
sub-domain,Dorothy Tangren - Echelon Real Estate,dorothy.echeloncalifornia.com,0 listings: []
sub-domain,Nneka Jenkins - Real Estate Expert (2.0),nneka.therealexperts.com,0 listings: []
sub-domain,Omar Murillo - Everhome Real Estate,omar.everhomere.com,0 listings: []
sub-domain,Victor Tran - Kinetic Real Estate,vic.kineticrealestate.com,0 listings: []
sub-domain,Nicole Castaneda - Nest Finders,ncg.nestfinderstx.com,0 listings: []
sub-domain,Marcell - House of Kinoko (2.0),marcell.houseofkinoko.com,0 listings: []
sub-domain,Wayne Ho,wayne.trustreca.com,0 listings: []
sub-domain,MaryBeth McLaughlin - Room Real Estate,marybeth.roomsantacruz.com,0 listings: []
sub-domain,Jury Hernandez - Luker & Co. Real Estate,thebeaconteam.lukerandco.com,0 listings: []
sub-domain,Martin Leon - Harper Real Estate,martin.harperre.com,0 listings: []
sub-domain,Joseph Hittinger,josephhittinger.mosaikrealestate.com,0 listings: []
sub-domain,Morgan Dettling - Bella Vie Real Estate,morgan.bellavierealestate.com,0 listings: []
sub-domain,Jonathan Dearman - City Real Estate,dearmangroup.cityrealestatesf.com,0 listings: []
sub-domain,Glenda Dexter - Nest Finders - FL,thedextergroup.nestfindersfl.com,0 listings: []
sub-domain,Tyler LaMoureaux - Bella Vie Real Estate,tyler.bellavierealestate.com,0 listings: []
sub-domain,Dan Lamoureaux - Bella Vie Real Estate,dan.bellavierealestate.com,0 listings: []
sub-domain,Bespoke Realty Group - Nest Finders,bespoke.nestfinderstx.com,0 listings: []
sub-domain,Virginia Perillo - Momentum Luxury RE,beautifulhomes.momentumlux.com,0 listings: []
sub-domain,Lynn Flynn - BarbCo Real Estate (2.0),lynn.realestatesf.com,0 listings: []
sub-domain,Sarah Knauer - Amalfi Estates (2.0),sarah.amalfiestates.com,0 listings: []
sub-domain,Anna Bellomo - District Homes,anna.district-homes.com,0 listings: []
sub-domain,Katie Rothacker - Power of 2 (2.0),katie.powerof2realty.com,0 listings: []
sub-domain,Oggi Kashi - Northpoint RE (2.0),oggi.yournorthpoint.com,0 listings: []
sub-domain,SM Real Estate Group - Nest Finders,sm.nestfinderstx.com,0 listings: []
sub-domain,Joan Gordon - City Real Estate (2.0),joan.cityrealestatesf.com,0 listings: []
sub-domain,Audrey Carlos-Quiggins,audrey.therealexperts.com,0 listings: []
sub-domain,Sandy Jones BarbCo Real Estate (2.0),sandyjones.realestatesf.com,0 listings: []
sub-domain,Dev Singh - Real Estate Experts (2.0),devsingh.therealexperts.com,0 listings: []
sub-domain,Marina Morales,marina.bellavierealestate.com,0 listings: []
sub-domain,Michael Baldasarra - Bay Real Estate,michael.bayregroup.com,0 listings: []
sub-domain,Kris Soudah - Fifty Hills Real Estate,soudahrealty.fiftyhills.com,0 listings: []
sub-domain,Elizabeth Alligood - Times Real Estate,elizabethalligoodgroup.plusonerealestate.com,0 listings: []
sub-domain,Brad Garofalo - Real Estate Experts,brad.therealexperts.com,0 listings: []
sub-domain,Mike Annunziata - Northpoint (2.0),mike.yournorthpoint.com,0 listings: []
sub-domain,Mario Desantis - Room Real Estate,mario.roomsantacruz.com,0 listings: []
sub-domain,California Khare Real Estate Group - NF,ckre.nestfindersca.com,0 listings: []
sub-domain,The Manley Team,themanleyteam.guidere.com,0 listings: []
sub-domain,Margot Rose Edde - Bay Real Estate Group,margot.bayregroup.com,0 listings: []
sub-domain,Anthony Scaraggi - Nest Finders - FL,dynamic.nestfindersfl.com,0 listings: []
sub-domain,Shandy Stogsdill - Nest Finders,stogsdill.nestfinderstx.com,0 listings: []
sub-domain,Tanya Lechner - Nest Finders,sunshine.nestfinderstx.com,0 listings: []
sub-domain,Anthony Shepherd - Prime Real Estate,shepherdgroup.goprimere.com,0 listings: []
sub-domain,Yvette Teng - Everhome Real Estate,yvette.everhomere.com,0 listings: []
sub-domain,The Masih Team - Room Real Estate,evangela.roomsantacruz.com,0 listings: []
sub-domain,Katharine Watton - Nest Finders,crg.nestfinderstx.com,0 listings: []
sub-domain,Side Demo Subsite,agent1.sidedemo.com,0 listings: []
sub-domain,Erin Mills - Lodestone Real Estate,erinmills.lodestoneca.com,0 listings: []
sub-domain,Guillean Arradaza + Kinetic Real Estate,guillean.kineticrealestate.com,0 listings: []
sub-domain,Laura Lanzone - Northpoint (2.0),laura.yournorthpoint.com,0 listings: []
sub-domain,Sarah Jamshidi - Nest Finders,redfoxxrealtygroup.nestfinderstx.com,0 listings: []
sub-domain,Eric Wanene - Banyan Commercial,thewanenegroup.banyanproperties.com,0 listings: []
sub-domain,Latrice Deluna - Orion Real Estate,latricedelunahomes.theorionre.com,0 listings: []
sub-domain,Roxana Alarcon - Energy Realty,roxana.energy-realty.com,0 listings: []
sub-domain,Grecia Marin - Liv Texas,gmpgroup.livtexas.com,0 listings: []
sub-domain,Gary Saydah - Helm Real Estate (2.0),gary.helmrealestate.com,0 listings: []
sub-domain,Keely + Sylvia - Real Estate Team,keelyandsylvia.polaris-re.com,"3 listings: ['https://keelyandsylvia.polaris-re.com/listing/280-via-la-paz/', 'https://keelyandsylvia.polaris-re.com/listing/72-cottonwood-dr/', 'https://keelyandsylvia.polaris-re.com/listing/55-corte-de-sabla/']"
sub-domain,Amanda Martin - BarbCo Real Estate (2.0),amanda.realestatesf.com,0 listings: []
sub-domain,Debbie Bruno - Bella Vie Real Estate,debbie.bellavierealestate.com,0 listings: []
sub-domain,Colleen Hartley - Stroyke Prop (2.0),colleen.stroykeproperties.com,0 listings: []
sub-domain,Meryl Bennan - BarbCo Real Estate,meryl.realestatesf.com,0 listings: []
sub-domain,Greta Eoff - Bella Vie Real Estate,greta.bellavierealestate.com,0 listings: []
sub-domain,"Thomas Nelson, Jr. - Bella Vie RE",tom.bellavierealestate.com,0 listings: []
sub-domain,Shao-Ying (Shirley) Liang - Bay RE Group,shirley.bayregroup.com,0 listings: []
sub-domain,Zachary Dworsky - Momentum Luxury RE,advantageluxurygroup.momentumlux.com,0 listings: []
sub-domain,Tony Fery - Real Estate Experts,tony.therealexperts.com,0 listings: []
sub-domain,Jaya Joshi,jaya.thetownre.com,0 listings: []
sub-domain,Theresa Lee - Bella Vie Real Estate,theresa.bellavierealestate.com,0 listings: []
sub-domain,Chelsea Shang - Momentum Realty (2.0),momentumsocal.momentumbayarea.com,0 listings: []
sub-domain,Jocelyn Lomahan,jocelyn.theavenuehc.com,0 listings: []
staging,SIMPLE Real Estate,simplere.wpengine.com,0 listings: []
staging,Manor Real Estate - Legacy,manorre.wpengine.com,0 listings: []
staging,Denton & Denton Group,dentonanddent2.wpengine.com,0 listings: []
staging,Align Real Estate - CA,alignca.wpengine.com,0 listings: []
staging,EQTY Real Estate,eqtyre.wpengine.com,0 listings: []
staging,Debuire International Realty,debuirerealty.wpengine.com,0 listings: []
staging,"Sand & Sea Investments, Inc.",sandseaprod.wpengine.com,0 listings: []
staging,Cheyenne Ward - Duplicated,cheyenneprod.wpengine.com,0 listings: []
staging,Fitted Real Estate,fittedre.wpengine.com,0 listings: []
staging,Jaime DuPont,jaimedupont.wpengine.com,0 listings: []
staging,Curtis Test Site,curtistestsite.wpengine.com,0 listings: []
staging,Ahead of the Curve Homes,aotcprod.wpengine.com,0 listings: []
staging,Ian Batra - Real Estate Experts,ianbatrarex.wpengine.com,0 listings: []
staging,Urban Brokers Real Estate - MD,urbanbrokers.wpengine.com,0 listings: []
staging,Cush Real Estate (2.0),cushrealestate.wpengine.com,0 listings: []
staging,Local Insight Realty,localinsight.wpengine.com,0 listings: []
staging,Rocks Realty,rocksrealty.wpengine.com,0 listings: []
staging,On the Run Realty Group,ontherunrealty.wpengine.com,0 listings: []
staging,VRAI Realty,vrairealty.wpengine.com,0 listings: []
staging,Pink Mobile Homes,pinkmh.wpengine.com,0 listings: []
staging,DPP Real Estate,dpprestg.wpengine.com,"36 listings: ['https://dpprestg.wpengine.com/listing/windsor-row-townhomes/', 'https://dpprestg.wpengine.com/listing/1832-n-grace-avenue/', 'https://dpprestg.wpengine.com/listing/willoughby-lofts/', 'https://dpprestg.wpengine.com/listing/855-croft-lofts/', 'https://dpprestg.wpengine.com/listing/habitat-on-the-park/', 'https://dpprestg.wpengine.com/listing/the-exposition/', 'https://dpprestg.wpengine.com/listing/sunset-5/', 'https://dpprestg.wpengine.com/listing/ocean-park-lofts/', 'https://dpprestg.wpengine.com/listing/metropol/', 'https://dpprestg.wpengine.com/listing/hacienda-lofts/', 'https://dpprestg.wpengine.com/listing/luminaire/', 'https://dpprestg.wpengine.com/listing/historic-vista-del-arroyo/', 'https://dpprestg.wpengine.com/listing/neilson-way-townhomes/', 'https://dpprestg.wpengine.com/listing/lofts-cherokee-studios/', 'https://dpprestg.wpengine.com/listing/edgecliffe-terrace-homes/', 'https://dpprestg.wpengine.com/listing/10-palms/', 'https://dpprestg.wpengine.com/listing/market-mews/', 'https://dpprestg.wpengine.com/listing/abbot-kinney-live-work/', 'https://dpprestg.wpengine.com/listing/formosa-1140/', 'https://dpprestg.wpengine.com/listing/habitat-15/', 'https://dpprestg.wpengine.com/listing/940-east-2nd-street/', 'https://dpprestg.wpengine.com/listing/beverly-grove-homes/', 'https://dpprestg.wpengine.com/listing/hyperion-4/', 'https://dpprestg.wpengine.com/listing/ten50/', 'https://dpprestg.wpengine.com/listing/the-courtyard-apartments-craig-ellwood-1952-53/', 'https://dpprestg.wpengine.com/listing/las-orquideas-spanish-revival-compound/', 'https://dpprestg.wpengine.com/listing/millard-creek-a-new-collection-of-contemporary-townhomes/', 'https://dpprestg.wpengine.com/listing/pomona-lexington-manor/', 'https://dpprestg.wpengine.com/listing/sierra-bonita-place/', 'https://dpprestg.wpengine.com/listing/west-grove-pasadena/', 'https://dpprestg.wpengine.com/listing/monaco-terrace/', 'https://dpprestg.wpengine.com/listing/rowena-walk-green-city-building-company/', 'https://dpprestg.wpengine.com/listing/alta/', 'https://dpprestg.wpengine.com/listing/habitat-on-the-park-2/', 'https://dpprestg.wpengine.com/listing/torre-del-moro/', 'https://dpprestg.wpengine.com/listing/bridgeview-terrace/']"
staging,Evoke Real Estate,evokeprod.wpengine.com,0 listings: []
staging,Adrian - House of Kinoko (2.0),adriankinoko.wpengine.com,0 listings: []
staging,Front Society,frontsociety.wpengine.com,0 listings: []
staging,Zach's Test Site,victoriastre.wpengine.com,0 listings: []
staging,Official Partners (Alexander Team),officialny.wpengine.com,0 listings: []
staging,Madison Stomberg - Bella Vie Real Estate,stomberg.wpengine.com,0 listings: []
staging,TeamFIT,teamfitre.wpengine.com,0 listings: []
staging,The High Tide Group,hightidegroup.wpengine.com,0 listings: []
staging,Mirror Real Estate,mirrorre.wpengine.com,0 listings: []
staging,Ajility Real Estate,ajilityre.wpengine.com,0 listings: []
staging,r Homes Group,rhomesgroup.wpengine.com,0 listings: []
staging,Atlantic Waterfront Properties,atlanticwfp.wpengine.com,0 listings: []
staging,Anvil Real Estate (2.0),anvilreinc.wpengine.com,0 listings: []
staging,Homes By Slate,homesbyslate.wpengine.com,0 listings: []
staging,David Ferrugio - Revel Real Estate (2.0),davidrevelreal.wpengine.com,0 listings: []
staging,Cusp Real Estate,cuspreal.wpengine.com,0 listings: []
staging,Strait Group,straitgroup.wpengine.com,0 listings: []
staging,Outpost Real Estate,outpostreprod.wpengine.com,0 listings: []
staging,redefinere,redefinere.wpengine.com,1 listings: ['https://redefinere.wpengine.com/listing/13151-mcdole-02/']
staging,Flatwater Realty,flatwaterre.wpengine.com,0 listings: []
staging,Highrises2Homes - Leslie B - City RE,hr2h.wpengine.com,0 listings: []
staging,OPT Real Estate,optrestg.wpengine.com,1 listings: ['https://optrestg.wpengine.com/listing/33150-ne-wilsonville-rd/']
staging,Hedge Realty,hedgerealty.wpengine.com,0 listings: []
staging,Karen Dorfman,karendorfman.wpengine.com,0 listings: []
staging,Coastal Legacy Realty Group,coastallegacy.wpengine.com,0 listings: []
staging,mountainluxuryprops,mountainluxury.wpengine.com,0 listings: []
staging,Trend Real Estate,trendre.wpengine.com,0 listings: []
staging,Steven Debug 09,stevendebug09.wpengine.com,0 listings: []
staging,Jeremy Davidson - Ascend Real Estate,davidsonascend.wpengine.com,0 listings: []
staging,Talent Real Estate,talentre.wpengine.com,0 listings: []
staging,FLouDizonHomes,floudizonhomes.wpengine.com,0 listings: []
staging,Integrity Texas Properties (2.0),integritytx2.wpengine.com,0 listings: []
staging,Colorado Is Home,coloradoishome.wpengine.com,0 listings: []
staging,The Cross Street Team,crossstreettm.wpengine.com,0 listings: []
staging,Inside Real Estate,insidere.wpengine.com,"4 listings: ['https://insidere.wpengine.com/listing/123-street-dr/', 'https://insidere.wpengine.com/listing/305-main-st/', 'https://insidere.wpengine.com/listing/123-side-avenue-2/', 'https://insidere.wpengine.com/listing/123-side-avenue/']"
staging,Ray Su,raysu.wpengine.com,0 listings: []
staging,Resilient - To be deleted,resilientre.wpengine.com,0 listings: []
staging,Keith Trainor - Room Real Estate,keithtrainor.wpengine.com,0 listings: []
staging,givingbackre,givingbackre.wpengine.com,0 listings: []
staging,The Alexander Team- Douglas Elliman RE,alexanderteam.wpengine.com,1 listings: ['https://alexanderteam.wpengine.com/listing/1234-side-st/']
staging,bouHAUS,bouhausprod.wpengine.com,0 listings: []
staging,Bespoke Realty,bespokerealty.wpengine.com,0 listings: []
staging,Sand + Sea Real Estate,sandseare.wpengine.com,0 listings: []
staging,Veridian Realty,veridianrealty.wpengine.com,0 listings: []
staging,Paul Barbagelata BarbCo RE (2.0),paulbarbco.wpengine.com,0 listings: []
staging,Scott Piper - Duplicated,scottelation.wpengine.com,0 listings: []
staging,Hayley Elevation Real Estate,hayleyelevatio.wpengine.com,0 listings: []
staging,True Florida Real Estate,trueflorida.wpengine.com,0 listings: []
staging,DPP Real Estate,dppre.wpengine.com,"49 listings: ['https://dppre.wpengine.com/listing/windsor-row-townhomes/', 'https://dppre.wpengine.com/listing/1832-n-grace-avenue/', 'https://dppre.wpengine.com/listing/willoughby-lofts/', 'https://dppre.wpengine.com/listing/855-croft-lofts/', 'https://dppre.wpengine.com/listing/habitat-on-the-park/', 'https://dppre.wpengine.com/listing/the-exposition/', 'https://dppre.wpengine.com/listing/sunset-5/', 'https://dppre.wpengine.com/listing/ocean-park-lofts/', 'https://dppre.wpengine.com/listing/metropol/', 'https://dppre.wpengine.com/listing/hacienda-lofts/', 'https://dppre.wpengine.com/listing/luminaire/', 'https://dppre.wpengine.com/listing/historic-vista-del-arroyo/', 'https://dppre.wpengine.com/listing/neilson-way-townhomes/', 'https://dppre.wpengine.com/listing/lofts-cherokee-studios/', 'https://dppre.wpengine.com/listing/edgecliffe-terrace-homes/', 'https://dppre.wpengine.com/listing/10-palms/', 'https://dppre.wpengine.com/listing/market-mews/', 'https://dppre.wpengine.com/listing/abbot-kinney-live-work/', 'https://dppre.wpengine.com/listing/formosa-1140/', 'https://dppre.wpengine.com/listing/habitat-15/', 'https://dppre.wpengine.com/listing/940-east-2nd-street/', 'https://dppre.wpengine.com/listing/beverly-grove-homes/', 'https://dppre.wpengine.com/listing/hyperion-4/', 'https://dppre.wpengine.com/listing/ten50/', 'https://dppre.wpengine.com/listing/the-courtyard-apartments-craig-ellwood-1952-53/', 'https://dppre.wpengine.com/listing/las-orquideas-spanish-revival-compound/', 'https://dppre.wpengine.com/listing/millard-creek-a-new-collection-of-contemporary-townhomes/', 'https://dppre.wpengine.com/listing/pomona-lexington-manor/', 'https://dppre.wpengine.com/listing/sierra-bonita-place/', 'https://dppre.wpengine.com/listing/west-grove-pasadena/', 'https://dppre.wpengine.com/listing/monaco-terrace/', 'https://dppre.wpengine.com/listing/rowena-walk-green-city-building-company/', 'https://dppre.wpengine.com/listing/alta/', 'https://dppre.wpengine.com/listing/habitat-on-the-park-2/', 'https://dppre.wpengine.com/listing/torre-del-moro/', 'https://dppre.wpengine.com/listing/bridgeview-terrace/', 'https://dppre.wpengine.com/listing/315-10th-st/', 'https://dppre.wpengine.com/listing/g-w-stimson-victorian/', 'https://dppre.wpengine.com/listing/1485-san-pasqual-street/', 'https://dppre.wpengine.com/listing/distinguished-colonial-revival-lucille-w-luckhardt-1925/', 'https://dppre.wpengine.com/listing/thomson-residence-buff-straub-hensman-1957/', 'https://dppre.wpengine.com/listing/the-thompson-moseley-house-quintessential-1959-buff-straub-hensman-post-and-beam/', 'https://dppre.wpengine.com/listing/mid-century-modern-1439-lida-street-pasadena-ca-9110/', 'https://dppre.wpengine.com/listing/international-style-estate-thornton-abell-faia-1965/', 'https://dppre.wpengine.com/listing/250-trino-way-pacific-palisades-ca-90272/', 'https://dppre.wpengine.com/listing/thane-roberts-aia-1981/', 'https://dppre.wpengine.com/listing/mid-century-modern-5228-escalante-drive/', 'https://dppre.wpengine.com/listing/rebuilt-mid-century-post-beam/', 'https://dppre.wpengine.com/listing/mediterranean-estate/']"
staging,Abrams Momentum Group,abramsmomentum.wpengine.com,0 listings: []
staging,Town Real Estate (2.0),thetownre.wpengine.com,0 listings: []
primary-domain,True Houston,www.truehou.com,0 listings: []
primary-domain,House Real Estate,www.houserealestate.com,0 listings: []
primary-domain,calnativere,www.calnativere.com,0 listings: []
primary-domain,Sterling Homes (2.0),www.sterlinghomesre.com,0 listings: []
primary-domain,Asante Realty,www.asanterealty.com,0 listings: []
primary-domain,Block Change Real Estate (2.0),www.blockchangere.com,0 listings: []
primary-domain,Kinetic Real Estate (2.0),www.kineticrealestate.com,0 listings: []
primary-domain,Hello Florida Real Estate,www.hellofloridarealestate.com,0 listings: []
primary-domain,Rockford Realty,www.rockfordrealtyinc.com,0 listings: []
primary-domain,Beppu Group,www.beppugroup.com,0 listings: []
primary-domain,Monarch Real Estate,www.monarchrealestateca.com,0 listings: []
primary-domain,Luxely Real Estate - Florida,www.luxelyrefl.com,0 listings: []
primary-domain,Highland Premiere Real Estate,www.highlandpremiere.com,"6 listings: ['https://www.highlandpremiere.com/listing/12875-runway-road-3-playa-vista-ca-90094/', 'https://www.highlandpremiere.com/listing/13031-villosa-place-105-playa-vista/', 'https://www.highlandpremiere.com/listing/4140-glencoe-ave-509-los-angeles/', 'https://www.highlandpremiere.com/listing/118-wadsworth-ave-4-santa-monica/', 'https://www.highlandpremiere.com/listing/6020-seabluff-dr-303-playa-vista/', 'https://www.highlandpremiere.com/listing/5831-seawalk-dr-236-playa-vista/']"
primary-domain,Onyx Wealth Realty,www.onyxwealthrealty.com,0 listings: []
primary-domain,Oz Realty,www.ozrealtytx.com,1 listings: ['https://www.ozrealtytx.com/listing/sheriffs-house/']
primary-domain,Avant One Real Estate,www.avantonerealestate.com,0 listings: []
primary-domain,Aplomb Real Estate,www.aplombrealestate.com,0 listings: []
primary-domain,Atria Real Estate,www.atriare.com,"3 listings: ['https://www.atriare.com/listing/1105-remington-court/', 'https://www.atriare.com/listing/2369-fairgrove-ct/', 'https://www.atriare.com/listing/1471-flamingo-way/']"
primary-domain,Marterra Real Estate,www.marterra.com,0 listings: []
primary-domain,Manor Real Estate,www.realestatemanor.com,0 listings: []
primary-domain,8 Blocks Real Estate (2.0),www.8blocksrealestate.com,0 listings: []
primary-domain,Power of 2 Realty (2.0),www.powerof2realty.com,0 listings: []
primary-domain,Pointe Real Estate,www.pointereca.com,0 listings: []
primary-domain,Crux Real Estate,www.cruxrealestate.com,0 listings: []
primary-domain,InspireRE,www.homesbyinspire.com,0 listings: []
primary-domain,Helm Real Estate (2.0),www.helmrealestate.com,0 listings: []
primary-domain,Kelli Griggs - Navigate Realty (2.0),www.kelligriggs.com,0 listings: []
primary-domain,Banyan Properties,www.banyanproperties.com,0 listings: []
primary-domain,Clareo Real Estate,www.clareorealestate.com,0 listings: []
primary-domain,The Niche,www.thenichere.com,0 listings: []
primary-domain,Tera Real Estate,www.terarealestate.com,0 listings: []
primary-domain,Bayside Real Estate Partners (2.0),www.baysidebrokers.com,0 listings: []
primary-domain,Elevate Palm Springs (2.0),www.elevatepalmsprings.com,0 listings: []
primary-domain,Prosper Real Estate (2.0),www.prospercalifornia.com,0 listings: []
primary-domain,About Real Estate,www.aboutbayareare.com,0 listings: []
primary-domain,The Nice Agent,www.theniceagent.com,0 listings: []
primary-domain,Applause Real Estate,www.applauserealestategroup.com,0 listings: []
primary-domain,Define Real Estate,www.definesdre.com,0 listings: []
primary-domain,Artemis - Rochelle,www.rochellev.com,0 listings: []
primary-domain,Allure Homes (2.0),www.allurehomesslo.com,0 listings: []
primary-domain,All City Homes 2.0,www.allcityhomes.com,0 listings: []
primary-domain,Legacy Properties Real Estate,www.equitylegacy.com,0 listings: []
primary-domain,Brava Real Estate,www.bravare.com,0 listings: []
primary-domain,Rainmaker Real Estate,www.rainmakerproperties.com,0 listings: []
primary-domain,Aston Rose Sports And Entertainment,www.astonrosese.com,0 listings: []
primary-domain,The Hope Group,www.hopegroupfl.com,"36 listings: ['https://www.hopegroupfl.com/listing/the-greens-at-park/', 'https://www.hopegroupfl.com/listing/seventh-home/', 'https://www.hopegroupfl.com/listing/standard-first-home/', 'https://www.hopegroupfl.com/listing/standard-second-home/', 'https://www.hopegroupfl.com/listing/standard-fourth-home/', 'https://www.hopegroupfl.com/listing/standard-fifth-home/', 'https://www.hopegroupfl.com/listing/690-n-new-york-ave/', 'https://www.hopegroupfl.com/listing/newport/', 'https://www.hopegroupfl.com/listing/lolissa/', 'https://www.hopegroupfl.com/listing/briercliff/', 'https://www.hopegroupfl.com/listing/laurelton/', 'https://www.hopegroupfl.com/listing/monterey/', 'https://www.hopegroupfl.com/listing/jardin/', 'https://www.hopegroupfl.com/listing/orlando/', 'https://www.hopegroupfl.com/listing/large-oak/', 'https://www.hopegroupfl.com/listing/hazel/', 'https://www.hopegroupfl.com/listing/randall/', 'https://www.hopegroupfl.com/listing/greensatpark/', 'https://www.hopegroupfl.com/listing/sterling/', 'https://www.hopegroupfl.com/listing/bear-gully/', 'https://www.hopegroupfl.com/listing/2-stone-gate/', 'https://www.hopegroupfl.com/listing/spruce/', 'https://www.hopegroupfl.com/listing/bonita/', 'https://www.hopegroupfl.com/listing/shepherd-plan-fg-schaub-custom-homes/', 'https://www.hopegroupfl.com/listing/cortland/', 'https://www.hopegroupfl.com/listing/tala/', 'https://www.hopegroupfl.com/listing/via-tuscany/', 'https://www.hopegroupfl.com/listing/sylvan/', 'https://www.hopegroupfl.com/listing/lake-sue/', 'https://www.hopegroupfl.com/listing/courtland/', 'https://www.hopegroupfl.com/listing/via-almalfi/', 'https://www.hopegroupfl.com/listing/fawsett-plan/', 'https://www.hopegroupfl.com/listing/698-n-new-york-avenue/', 'https://www.hopegroupfl.com/listing/jasmine/', 'https://www.hopegroupfl.com/listing/casa-gracioso/', 'https://www.hopegroupfl.com/listing/1010-s-riverside-drive/']"
primary-domain,Cascade Pacific Real Estate,www.cascadepacificgroup.com,0 listings: []
primary-domain,Meraki Real Estate (2.0),www.meraki-realestate.com,0 listings: []
primary-domain,Reveal Real Estate,www.revealrealestate.com,"2 listings: ['https://www.revealrealestate.com/listing/39882-parada-st-newark-94560/', 'https://www.revealrealestate.com/listing/40486-robin-fremont-94538/']"
primary-domain,Elevation Real Estate (2.0),www.elevationrealestate.com,0 listings: []
primary-domain,The Condo Experts,www.condosalesexperts.com,0 listings: []
primary-domain,Pacific Plains Realty,www.pacificplainsrealty.com,0 listings: []
primary-domain,realtylab,www.myrealtylab.com,0 listings: []
primary-domain,Vantage Luxury Real Estate,www.vantageluxuryre.com,0 listings: []
primary-domain,The Avenue Home Collective,www.theavenuehc.com,0 listings: []
primary-domain,Skyline Commercial Real Estate,www.skylinecommercialadvisors.com,0 listings: []
primary-domain,Republic Realty,www.republic209.com,0 listings: []
primary-domain,Sage Real Estate,www.sageteam.com,0 listings: []
primary-domain,JLUX Homes Realty Group,www.jluxhomes.com,0 listings: []
primary-domain,SoCo Property,www.socoproperty.com,0 listings: []
primary-domain,Zest Realty,www.zestrealtygroup.com,0 listings: []
primary-domain,Upward Realty,www.upwardca.com,0 listings: []
primary-domain,Momentum Bay Area (2.0),www.momentumbayarea.com,0 listings: []
primary-domain,New Horizon Real Estate,www.newhorizonrealestate.com,0 listings: []
primary-domain,Surge Real Estate,www.homesbysurge.com,0 listings: []
primary-domain,Jackie and Rina - Culligan Group,www.jackieandrina.com,0 listings: []
primary-domain,Align Real Estate,www.alignagents.com,0 listings: []
primary-domain,Lineage Properties (seltzer),www.propertiesbylineage.com,0 listings: []
primary-domain,Room Real Estate (2.0),www.roomsantacruz.com,0 listings: []
primary-domain,The Davidson Group (2.0),www.davidsongroupre.com,0 listings: []
primary-domain,House of Kinoko (2.0),www.houseofkinoko.com,"13 listings: ['https://www.houseofkinoko.com/listing/2-bed-2-bath-coming-soon-arden-1401/', 'https://www.houseofkinoko.com/listing/one-mission-bay-1106/', 'https://www.houseofkinoko.com/listing/300-beale-st-504san-francisco-ca-94105/', 'https://www.houseofkinoko.com/listing/262-downey-st-san-francisco-ca-94117/', 'https://www.houseofkinoko.com/listing/230-thresher-drive-vallejo-ca-94591/', 'https://www.houseofkinoko.com/listing/200-townsend-street-31-san-francisco-ca-94107/', 'https://www.houseofkinoko.com/listing/11195-hooper-lane-los-altos-hills-ca-94024/', 'https://www.houseofkinoko.com/listing/170-king-street-unit-930/', 'https://www.houseofkinoko.com/listing/301-mission-st-56d-san-francisco-ca-94105/', 'https://www.houseofkinoko.com/listing/501-beale-street-5esan-francisco-ca/', 'https://www.houseofkinoko.com/listing/1495-valencia-st-apt-2san-francisco-ca-94110/', 'https://www.houseofkinoko.com/listing/201-folsom-st-apt-15asan-francisco-ca-94105/', 'https://www.houseofkinoko.com/listing/718-long-bridge-st-1401san-francisco-ca-94158/']"
primary-domain,Ross Valley Real Estate,www.rossvalleyrealestate.com,0 listings: []
primary-domain,Five Diamond Realty,www.fivediamondrealty.com,0 listings: []
primary-domain,Gravity Real Estate,www.gravityrealestate.com,0 listings: []
primary-domain,Milieu Homes,www.milieuhomes.com,0 listings: []
primary-domain,OPT Real Estate,www.theopt.com,"15 listings: ['https://www.theopt.com/listing/33150-ne-wilsonville-rd/', 'https://www.theopt.com/listing/3000-ne-48th-st/', 'https://www.theopt.com/listing/4008-ne-73rd-ave/', 'https://www.theopt.com/listing/970-20th-ave/', 'https://www.theopt.com/listing/2215-10th-st/', 'https://www.theopt.com/listing/1500-northshore-rd/', 'https://www.theopt.com/listing/19175-sw-pilkington-rd/', 'https://www.theopt.com/listing/15312-sw-kenton-dr/', 'https://www.theopt.com/listing/510-1st-ave/', 'https://www.theopt.com/listing/47-hillshire-dr/', 'https://www.theopt.com/listing/3165-haskins-rd/', 'https://www.theopt.com/listing/842-6th-st/', 'https://www.theopt.com/listing/5339-amberwood-ct/', 'https://www.theopt.com/listing/18022-skyland-cir/', 'https://www.theopt.com/listing/1475-skyland-dr/']"
primary-domain,Haylen Group (2.0),www.haylengroup.com,0 listings: []
primary-domain,ICON Real Estate (2.0),www.icon-re.com,0 listings: []
primary-domain,Allux Real Estate,www.alluxrealestate.com,0 listings: []
primary-domain,Refined Real Estate,www.refinedre.com,0 listings: []
primary-domain,The Skaggs Group,www.skaggsrealestategroup.com,0 listings: []
primary-domain,Diamante Realty,www.diamanterealty.com,"5 listings: ['https://www.diamanterealty.com/listing/405-tracy-ct/', 'https://www.diamanterealty.com/listing/410-tracy-ct-incline-village/', 'https://www.diamanterealty.com/listing/410-tracy-ct-incline-village-nv-not-duplicate/', 'https://www.diamanterealty.com/listing/160-virgil-sparks/', 'https://www.diamanterealty.com/listing/755-yellow-pine-road/']"
primary-domain,Pareto Real Estate,www.paretorealestate.com,0 listings: []
primary-domain,Madrone Homes,www.madronehomes.com,"23 listings: ['https://www.madronehomes.com/listing/48-skyview-ter/', 'https://www.madronehomes.com/listing/20-vasco-dr/', 'https://www.madronehomes.com/listing/60-elm-ave/', 'https://www.madronehomes.com/listing/35-plymouth-ave/', 'https://www.madronehomes.com/listing/8-morning-sun/', 'https://www.madronehomes.com/listing/321-n-almenar-dr/', 'https://www.madronehomes.com/listing/8-fairview-ave/', 'https://www.madronehomes.com/listing/422-cascade-dr/', 'https://www.madronehomes.com/listing/110-florence-sold/', 'https://www.madronehomes.com/listing/100-south-313/', 'https://www.madronehomes.com/listing/221-marion-avenue-mill-valley/', 'https://www.madronehomes.com/listing/150-morning-sun/', 'https://www.madronehomes.com/listing/come-home-to-corte-madera/', 'https://www.madronehomes.com/listing/corte-madera-charmer/', 'https://www.madronehomes.com/listing/mill-valley-gem/', 'https://www.madronehomes.com/listing/quail-hills-best/', 'https://www.madronehomes.com/listing/serenity-in-mill-valley/', 'https://www.madronehomes.com/listing/perfection-in-potrero/', 'https://www.madronehomes.com/listing/mid-century-magic-in-mill-valley-2/', 'https://www.madronehomes.com/listing/country-club-view-home/', 'https://www.madronehomes.com/listing/perfect-in-woodacre/', 'https://www.madronehomes.com/listing/988/', 'https://www.madronehomes.com/listing/mill-valley-needle-in-the-haystack/']"
primary-domain,Heath Real Estate,www.heathre.com,"42 listings: ['https://www.heathre.com/listing/129-divisadero-st/', 'https://www.heathre.com/listing/55-broadview-dr/', 'https://www.heathre.com/listing/850-minnesota-st/', 'https://www.heathre.com/listing/115-highland-lane-mill-valley/', 'https://www.heathre.com/listing/55-oakdale-ave-mill-valley/', 'https://www.heathre.com/listing/220-baltimore-ave-corte-madera/', 'https://www.heathre.com/listing/760-panoramic-hwy-mill-valley/', 'https://www.heathre.com/listing/320-montford-ave-mill-valley/', 'https://www.heathre.com/listing/333-kent-ave/', 'https://www.heathre.com/listing/1516-great-hwy/', 'https://www.heathre.com/listing/363-n-ferndale-ave/', 'https://www.heathre.com/listing/266-oleander-dr/', 'https://www.heathre.com/listing/1790-green-st/', 'https://www.heathre.com/listing/1900-green-st/', 'https://www.heathre.com/listing/2919-fillmore-st/', 'https://www.heathre.com/listing/3579-sacramento-st/', 'https://www.heathre.com/listing/5035-paradise-dr/', 'https://www.heathre.com/listing/3620-19th-st/', 'https://www.heathre.com/listing/9-lillian-ln/', 'https://www.heathre.com/listing/221-oak-spring-dr/', 'https://www.heathre.com/listing/1572-chestnut-st/', 'https://www.heathre.com/listing/ross-property/', 'https://www.heathre.com/listing/41-high-st/', 'https://www.heathre.com/listing/1981-clay-st/', 'https://www.heathre.com/listing/423-24th-ave/', 'https://www.heathre.com/listing/213-julia-ave-mill-valley/', 'https://www.heathre.com/listing/1516-great-hwy-san-francisco/', 'https://www.heathre.com/listing/francisco-st-san-francisco/', 'https://www.heathre.com/listing/4007-maybelle-ave-oakland/', 'https://www.heathre.com/listing/11-sunrise-ave-mill-valley-ca-94941/', 'https://www.heathre.com/listing/1478-guerrero-st/', 'https://www.heathre.com/listing/483-throckmorton-ave-mill-valley/', 'https://www.heathre.com/listing/363-n-ferndale-mill-valley-ca/', 'https://www.heathre.com/listing/25-farralones-st-san-francisco/', 'https://www.heathre.com/listing/72-las-casas-san-rafael/', 'https://www.heathre.com/listing/40-hilarita-ave-mill-valley-ca/', 'https://www.heathre.com/listing/663-22nd-ave-sf-ca/', 'https://www.heathre.com/listing/1570-chestnut-st-san-francisco-ca/', 'https://www.heathre.com/listing/undisclosed-address-mill-valley/', 'https://www.heathre.com/listing/3-helen-st-a-san-francisco-ca/', 'https://www.heathre.com/listing/2171-46th-ave-san-francisco-ca/', 'https://www.heathre.com/listing/98-red-hill-cir-tiburon-ca/']"
primary-domain,Shasta Living Real Estate,www.shastalivingrealestate.com,0 listings: []
primary-domain,Waymaker Realty Advisors,www.waymakerca.com,0 listings: []
primary-domain,Localist Realty,www.localistre.com,0 listings: []
primary-domain,Melody - Anvil Real Estate (2.0),www.melodyandassociates.com,0 listings: []
primary-domain,Glow Real Estate Collection,www.glowreaz.com,0 listings: []
primary-domain,Plus One Real Estate,www.plusonerealestate.com,0 listings: []
primary-domain,Facet Realty,www.facetrealtyfl.com,0 listings: []
primary-domain,Pacific Keys Realty,www.pacifickeysrealty.com,0 listings: []
primary-domain,Helios Real Estate,www.heliosrealestatetx.com,0 listings: []
primary-domain,rainmakernancy,www.nancyreynoldshomes.com,0 listings: []
primary-domain,Nest Finders TX (2.0),www.nestfinderstx.com,0 listings: []
primary-domain,Luker & Co. Real Estate,www.lukerandco.com,0 listings: []
primary-domain,Magnum Realty Group,www.magnumrealtygroup.com,0 listings: []
primary-domain,Everhome Real Estate (2.0),www.everhomere.com,0 listings: []
primary-domain,Trillion Real Estate (2.0),www.trillionrealestate.com,0 listings: []
primary-domain,Nest Finders - CA,www.nestfindersca.com,0 listings: []
primary-domain,Attain Real Estate,www.attainregroup.com,0 listings: []
primary-domain,Ennoble Realty,www.ennoblerealty.com,0 listings: []
primary-domain,Major League Properties,www.majorleaguesocal.com,0 listings: []
primary-domain,Adapt Real Estate,www.adapt-realestate.com,0 listings: []
primary-domain,Generation Real Estate (2.0),www.generationsf.com,0 listings: []
primary-domain,Reach Realty,www.reachrealtyco.com,0 listings: []
primary-domain,Kollab Real Estate,www.kollabre.com,0 listings: []
primary-domain,Nexus Real Estate,www.nexusrealestateca.com,0 listings: []
primary-domain,Concierge Properties,www.conciergeproperties.com,0 listings: []
primary-domain,Brick Street Realty,www.brickstreetrealtygroup.com,0 listings: []
primary-domain,Hum Real Estate,www.humrealestate.com,0 listings: []
primary-domain,aspirelare,www.aspirelosangeles.com,0 listings: []
primary-domain,Moving Results Realty,www.movingresultsrealty.com,0 listings: []
primary-domain,City Real Estate,www.cityrealestatesf.com,0 listings: []
primary-domain,Diamond Realty,www.diamondrealtyteam.com,0 listings: []
primary-domain,Arista Realty,www.aristarealty.com,0 listings: []
primary-domain,Echelon Real Estate,www.echeloncalifornia.com,0 listings: []
primary-domain,Quantum Real Estate (2.0),www.quantumcalifornia.com,0 listings: []
primary-domain,Live South Bay Local,www.livesouthbaylocal.com,0 listings: []
primary-domain,Heritage Homes San Diego,www.heritagehomesre.com,0 listings: []
primary-domain,Black Rose Real Estate,www.blackrosere.com,0 listings: []
primary-domain,Backyard Real Estate,www.backyardre.com,0 listings: []
primary-domain,SALA Homes Realty & Development,www.sala-homes.com,0 listings: []
primary-domain,Boulevard Real Estate - SF,www.boulevardmarin.com,0 listings: []
primary-domain,Harper Real Estate 2.0,www.harperre.com,0 listings: []
primary-domain,stratatx,www.stratatx.com,0 listings: []
primary-domain,Leah Conder - BarbCo Real Estate,www.leahconder.com,0 listings: []
primary-domain,Ringon Homes,www.ringonhomes.com,0 listings: []
primary-domain,Kinship Real Estate,www.kinshipre.com,0 listings: []
primary-domain,Blueprint California 2.0,www.blueprintcalifornia.com,0 listings: []
primary-domain,Rivet Real Estate - CA,www.teamrivet.com,0 listings: []
primary-domain,Westward Real Estate,www.westwardrealestate.com,1 listings: ['https://www.westwardrealestate.com/listing/8110-water-color-drive-land-o-lakes-florida-34638/']
primary-domain,California Relocation Network,www.calirelonet.com,0 listings: []
primary-domain,wolfle,www.wolfluxuryestates.com,0 listings: []
primary-domain,North Point Real Estate (2.0),www.yournorthpoint.com,0 listings: []
primary-domain,Market Real Estate (2.0),www.marketsocal.com,0 listings: []
primary-domain,Boutique Real Estate CA (02),www.boutiquerealestateca.com,0 listings: []
primary-domain,View Luxury Estates,www.viewluxuryestateswa.com,0 listings: []
primary-domain,Zen Realty,www.7zenrealty.com,0 listings: []
primary-domain,Onyx Real Estate,www.onyx916.com,0 listings: []
primary-domain,Coastal Real Estate Group,www.coastalgroupoc.com,0 listings: []
primary-domain,RF Real Estate,www.raeidfarhat.com,0 listings: []
primary-domain,Caimeiju Realty,www.caimeijurealty.com,"8 listings: ['https://www.caimeijurealty.com/listing/13828-wake-ave/', 'https://www.caimeijurealty.com/listing/6824-nottoway-ct/', 'https://www.caimeijurealty.com/listing/4156-rowland-ave/', 'https://www.caimeijurealty.com/listing/349-woodley-santa-barbara/', 'https://www.caimeijurealty.com/listing/4143-mustang-san-diego/', 'https://www.caimeijurealty.com/listing/2950-w-canyon-ave-san-diego/', 'https://www.caimeijurealty.com/listing/beverly-west/', 'https://www.caimeijurealty.com/listing/14067-caminito-vistana-92130/']"
primary-domain,Hearthstone Homes,www.hearthstonehomesre.com,0 listings: []
primary-domain,HouseMe,www.housemerealty.com,0 listings: []
primary-domain,homesteadreca,www.homesteadreca.com,0 listings: []
primary-domain,Olani,www.olanihomes.com,0 listings: []
primary-domain,Stroyke Properties (2.0),www.stroykeproperties.com,0 listings: []
primary-domain,Folsom Lake Realty (2.0),www.folsomlakerealty.com,0 listings: []
primary-domain,Sol Property Advisors,www.solpropertyadvisors.com,0 listings: []
primary-domain,The Advisory Real Estate + Development,www.theadvisoryhtx.com,0 listings: []
primary-domain,Trellis Real Estate,www.trellis-realestate.com,0 listings: []
primary-domain,Velocity Realty,www.velocityrealtysd.com,0 listings: []
primary-domain,The List Realty,www.thelistrealty.com,0 listings: []
primary-domain,Beyond Realty,www.beyondrealtyfl.com,0 listings: []
primary-domain,Pacific Edge Real Estate,www.pacificedgesf.com,0 listings: []
primary-domain,Beach Line Properties,www.beachlineproperties.com,"2 listings: ['https://www.beachlineproperties.com/listing/1690-hayes-ave-long-beach-ca-90813/', 'https://www.beachlineproperties.com/listing/1982-1984-obispo-ave-signal-hill-ca-90755-2/']"
primary-domain,Concept Fine Homes & Estates,www.conceptfinehomes.com,0 listings: []
primary-domain,Distinct Real Estate,www.distinctrealestate.com,1 listings: ['https://www.distinctrealestate.com/listing/https-www-tourfactory-com-idxr2969630/']
primary-domain,Agency One Real Estate (2.0),www.agencyonerealestate.com,0 listings: []
primary-domain,Sea Flag Homes,www.seaflaghomes.com,0 listings: []
primary-domain,Tessellation Real Estate,www.tessellationre.com,0 listings: []
primary-domain,WLM Realty & Co.,www.wlmrealtyco.com,0 listings: []
primary-domain,Mint Real Estate,www.mintrealestate.com,"2 listings: ['https://www.mintrealestate.com/listing/124-via-vicini/', 'https://www.mintrealestate.com/listing/test-listing/']"
primary-domain,Strive Real Estate,www.striveteam.com,0 listings: []
primary-domain,Magnolia Homes,www.magnolianorcal.com,0 listings: []
primary-domain,Flagstone Real Estate,www.flagstoneca.com,0 listings: []
primary-domain,Touchstone Real Estate,www.touchstoneteam.com,0 listings: []
primary-domain,Horizons Realty Group,www.horizonsrealtygroup.com,0 listings: []
primary-domain,Barbco Real Estate (2.0),www.realestatesf.com,0 listings: []
primary-domain,Team Navigate (2.0),www.teamnavigate.com,0 listings: []
primary-domain,Black Label RE Group (2.0),www.blacklabelregroup.com,0 listings: []
primary-domain,Elevate Real Estate,www.elevateregroup.com,0 listings: []
primary-domain,Perch Real Estate,www.homesbyperch.com,0 listings: []
primary-domain,Gather Homes,www.gatherhomes.com,0 listings: []
primary-domain,Legend Texas Properties,www.legendtexas.com,0 listings: []
primary-domain,Heyler Realty,www.heylerrealty.com,0 listings: []
primary-domain,Casa Divina Real Estate,www.casadivinarealestate.com,1 listings: ['https://www.casadivinarealestate.com/listing/1234-drive-way/']
primary-domain,Revel Real Estate (2.0),www.revelrealestate.com,1 listings: ['https://www.revelrealestate.com/listing/2538-carman-crest-dr/']
primary-domain,1152 Realty,www.1152realty.com,0 listings: []
primary-domain,Folio Real Estate,www.foliosandiego.com,"2 listings: ['https://www.foliosandiego.com/listing/7240-el-cajon-blvd-san-diego-ca-92115/', 'https://www.foliosandiego.com/listing/2535-brant-street-san-diego-ca-9201/']"
primary-domain,Dockside Realty Inc.,www.docksiderealtyinc.com,0 listings: []
primary-domain,Electric Estates,www.electricestatesla.com,0 listings: []
primary-domain,InMotion Real Estate,www.inmotionreca.com,0 listings: []
primary-domain,Continuum Real Estate,www.continuumrealestate.com,0 listings: []
primary-domain,Orion Real Estate,www.theorionre.com,0 listings: []
primary-domain,Triibe Real Estate,www.triiberealestate.com,"12 listings: ['https://www.triiberealestate.com/listing/4633-dorchester-road/', 'https://www.triiberealestate.com/listing/2395-horizon-way/', 'https://www.triiberealestate.com/listing/231-tustin-avenue/', 'https://www.triiberealestate.com/listing/34282-shore-lantern/', 'https://www.triiberealestate.com/listing/2538-monaco-drive/', 'https://www.triiberealestate.com/listing/600-oceanfront/', 'https://www.triiberealestate.com/listing/78-ritz-cove-drive/', 'https://www.triiberealestate.com/listing/322-emerald-bay/', 'https://www.triiberealestate.com/listing/101-emerald-bay/', 'https://www.triiberealestate.com/listing/1855-ocean-way/', 'https://www.triiberealestate.com/listing/168-emerald-bay/', 'https://www.triiberealestate.com/listing/2495-riviera-drive-laguna-beach-2/']"
primary-domain,Abode Real Estate,www.aboderegroup.com,0 listings: []
primary-domain,Focus Real Estate,www.gofocusre.com,0 listings: []
primary-domain,Center Real Estate,www.center-realestate.com,1 listings: ['https://www.center-realestate.com/listing/1234-drive-way/']
primary-domain,Katherine Rains - BarbCo,www.katrains.com,0 listings: []
primary-domain,Wave Crest Real Estate (2.0),www.wavecrestre.com,0 listings: []
primary-domain,Cove Canyon Realty (2.0),www.covecanyon.com,0 listings: []
primary-domain,Thrive Real Estate (2.0),www.thriverealestate.com,0 listings: []
primary-domain,The Topanga Life,www.topangalife.com,0 listings: []
primary-domain,Stoop & Gable Homes,www.stoopandgable.com,0 listings: []
primary-domain,Iota Realty,www.iota-realty.com,0 listings: []
primary-domain,Reign West Collective,www.reignwestcollective.com,0 listings: []
primary-domain,Merit Homes,www.homeswithmerit.com,0 listings: []
primary-domain,Verano Real Estate,www.veranorealestate.com,0 listings: []
primary-domain,SLCT Label Realty,www.slctlabel.com,0 listings: []
primary-domain,Upside Real Estate,www.homesbyupside.com,0 listings: []
primary-domain,Coastwoods Real Estate,www.coastwoods.com,0 listings: []
primary-domain,Ocean Insiders (2.0),www.oceaninsidersre.com,0 listings: []
primary-domain,Province Real Estate (2.0),www.provincebayarea.com,0 listings: []
primary-domain,Monarch Homes and Land 2.0,www.monarchhomesandland.com,0 listings: []
primary-domain,Latitude 30 Real Estate,www.latitude30realestate.com,0 listings: []
primary-domain,Proof Real Estate,www.proofre.com,0 listings: []
primary-domain,In Tide Realty,www.intiderealty.com,0 listings: []
primary-domain,Ascend Elite Realty,www.ascendeliterealty.com,0 listings: []
primary-domain,Pro Players Realty USA,www.proplayersrealtyusa.com,0 listings: []
primary-domain,Haven,www.myhavenhome.com,0 listings: []
primary-domain,Milestone Real Estate,www.remilestone.com,0 listings: []
primary-domain,Anew Elite,www.aneweliterealty.com,0 listings: []
primary-domain,Legacy Real Estate (2.0),www.legacysfhomes.com,0 listings: []
primary-domain,Neighborhood Experts Real Estate,www.neighborhoodexpertswa.com,0 listings: []
primary-domain,Perspective Real Estate (2.0),www.perspectivere.com,0 listings: []
primary-domain,WorldView Real Estate,www.worldviewre.com,0 listings: []
primary-domain,Sandy Arata Gandolfo - BarbCo Real Estat,www.sandygandolfo.com,0 listings: []
primary-domain,Pulse Real Estate,www.mypulserealestate.com,1 listings: ['https://www.mypulserealestate.com/listing/3327-forbes-ave-santa-clara/']
primary-domain,Abacus Real Estate (2.0),www.abacusre.com,0 listings: []
primary-domain,March Properties,www.marchproperties.com,0 listings: []
primary-domain,Momentum Luxury Real Estate (2.0),www.momentumlux.com,0 listings: []
primary-domain,Amplify Houston Realty,www.amplifyhoustonrealty.com,0 listings: []
primary-domain,Concrete Real Estate,www.concreterealestateco.com,"2 listings: ['https://www.concreterealestateco.com/listing/17121-rancho-street-encino-ca-91316/', 'https://www.concreterealestateco.com/listing/8225-fountain-avenue-unit-8233-west-hollywood-ca-90046/']"
primary-domain,Energy Realty,www.energy-realty.com,0 listings: []
primary-domain,Polaris Realty (2.0),www.polaris-re.com,0 listings: []
primary-domain,Trust Real Estate (2.0),www.trustreca.com,0 listings: []
primary-domain,Arrive Real Estate Group (2.0),www.arriveregroup.com,0 listings: []
primary-domain,Dream Real Estate,www.dreamnorcal.com,0 listings: []
primary-domain,Bella Vie Real Estate,www.bellavierealestate.com,0 listings: []
primary-domain,Woodruff Miller (2.0),www.woodruffmiller.com,0 listings: []
primary-domain,Agam Real Estate,www.agamrealestate.com,0 listings: []
primary-domain,Do 1 Thing Real Estate,www.do1thingrealestate.com,0 listings: []
primary-domain,Anchored Real Estate Group,www.anchoredregroup.com,0 listings: []
primary-domain,Shameran Anderer - BarbCo RE (2.0),www.shameran.com,0 listings: []
primary-domain,Canopy Realty,www.canopyrealtygroup.com,0 listings: []
primary-domain,LA Real,www.larealproperty.com,0 listings: []
primary-domain,Eastside West,www.eastsidewest.com,"2 listings: ['https://www.eastsidewest.com/listing/546-morecroft-rd-lafayette-ca-94549/', 'https://www.eastsidewest.com/listing/1811-versailles-ave-alameda-ca-94501/']"
primary-domain,Upwell Realty,www.upwellrealty.com,0 listings: []
primary-domain,Veritas Homes (2.0),www.veritashomes.com,0 listings: []
primary-domain,Premier California Properties,www.premiercaproperties.com,0 listings: []
primary-domain,Luxely Real Estate - Use,www.luxelyre.com,0 listings: []
primary-domain,Remark International Realty,www.remarkrealestate.com,0 listings: []
primary-domain,Ascend Real Estate (2.0),www.ascendre.com,0 listings: []
primary-domain,BOK Realty (2.0),www.boksandiego.com,0 listings: []
primary-domain,Evolve Real Estate (2.0),www.evolvereca.com,0 listings: []
primary-domain,Verso Homes,www.homesbyverso.com,0 listings: []
primary-domain,Happen Houston (2.0),www.happenhouston.com,0 listings: []
primary-domain,Aijia Realty (2.0),www.aijiare.com,0 listings: []
primary-domain,"Metis Real Estate, Inc.",www.metisre.com,0 listings: []
primary-domain,Bay Real Estate Group (2.0),www.bayregroup.com,0 listings: []
primary-domain,Attune Real Estate,www.attunere.com,0 listings: []
primary-domain,Island Welcome Real Estate,www.islandwelcomerealestate.com,0 listings: []
primary-domain,Cali Homes,www.calihomesre.com,0 listings: []
primary-domain,The One Realty,www.theonerealty.com,0 listings: []
primary-domain,The Own Team (2.0),www.theownteam.com,0 listings: []
primary-domain,Kevin Shelburn - Bayside Real Estate,www.shelburnrealty.com,0 listings: []
primary-domain,Brightwork Realty,www.brightworkrealty.com,0 listings: []
primary-domain,Inmobi Properties,www.inmobiproperties.com,0 listings: []
primary-domain,Rooted Real Estate,www.rootedrealestate.com,0 listings: []
primary-domain,Arc Realty (2.0),www.arcrealtyca.com,0 listings: []
primary-domain,Grove Realty (2.0),www.groverealtyca.com,0 listings: []
primary-domain,Radiant Realty,www.radiantrealtyca.com,0 listings: []
primary-domain,Framework Properties,www.frameworkpropertiestx.com,0 listings: []
primary-domain,Notable Real Estate,www.notableteam.com,0 listings: []
primary-domain,Symmetry Real Estate,www.symmetryrealestategroup.com,0 listings: []
primary-domain,The DeMasi Group,www.thedemasigroup.com,0 listings: []
primary-domain,Tribe Realty,www.homesbytribe.com,0 listings: []
primary-domain,LivXplore Real Estate & Lifestyle,www.livxplore.com,0 listings: []
primary-domain,Destination Real Estate,www.destinationmammoth.com,0 listings: []
primary-domain,District Homes (2.0),www.district-homes.com,0 listings: []
primary-domain,Spark Real Estate,www.sparksocal.com,0 listings: []
primary-domain,Fifty Hills Real Estate,www.fiftyhills.com,0 listings: []
primary-domain,Alamere Real Estate,www.alamererealestate.com,0 listings: []
primary-domain,Real Estate 38 - New (2.0),www.re38.com,0 listings: []
primary-domain,All Hands Real Estate,www.allhandsrealestate.com,0 listings: []
primary-domain,Rinu Real Estate (2.0),www.rinurealestate.com,0 listings: []
primary-domain,Kindred SF Homes (2.0),www.kindredsfhomes.com,0 listings: []
primary-domain,Luminescent Real Estate,www.luminescentrealestateca.com,0 listings: []
primary-domain,Nest FL,www.nestfindersfl.com,0 listings: []
primary-domain,Willowmar Real Estate,www.willowmar.com,0 listings: []
primary-domain,Stars & Stripes Real Estate,www.starsandstripesre.com,0 listings: []
primary-domain,Costa Modern Properties,www.costamodernproperties.com,0 listings: []
primary-domain,Key Realty,www.keyrealtysales.com,0 listings: []
primary-domain,Level Up Realty (2.0),www.levelupbrokerage.com,0 listings: []
primary-domain,Forward Real Estate,www.forwardrealestate.com,0 listings: []
primary-domain,VividRE,www.homesbyvivid.com,0 listings: []
primary-domain,Vision Real Estate & Design,www.californiavision.com,0 listings: []
primary-domain,LivTexas,www.livtexas.com,0 listings: []
primary-domain,Pivot Real Estate,www.pivotca.com,0 listings: []
primary-domain,Kite Hill Real Estate,www.teamkitehill.com,0 listings: []
primary-domain,Property Smart Real Estate,www.propertysmartre.com,0 listings: []
primary-domain,Front Porch Realty,www.frontporchrealtygroup.com,0 listings: []
primary-domain,Tampa Bay Key Real Estate,www.tampabaykey.com,0 listings: []
primary-domain,Dreamscape Real Estate,www.dreamscaperealestateca.com,0 listings: []
primary-domain,Edge REA (seltzer),www.edge-rea.com,0 listings: []
primary-domain,Uncharted Real Estate,www.unchartedcre.com,0 listings: []
primary-domain,Sela Homes (2.0),www.selahomes.com,0 listings: []
primary-domain,Side Demo,www.sidedemo.com,"2 listings: ['https://www.sidedemo.com/listing/801-longridge-rd-oakland-ca-94610/', 'https://www.sidedemo.com/listing/801-longridge-rd-oakland-ca-94610-2/']"
primary-domain,Keel Real Estate,www.keelrealestate.com,0 listings: []
primary-domain,Pacific Oak (2.0),www.pacificoakhomes.com,0 listings: []
primary-domain,Elation Real Estate (2.0),www.elationre.com,0 listings: []
primary-domain,Pillar Real Estate,www.pillarrealestate.com,0 listings: []
primary-domain,Indigo Real Estate,www.indigogrouprealestate.com,0 listings: []
primary-domain,Hollywood Estates,www.hollywoodestates.com,0 listings: []
primary-domain,The Hobin Company,www.thehobincompany.com,"2 listings: ['https://www.thehobincompany.com/listing/4701-borden-ct-carlsbad-ca-92010/', 'https://www.thehobincompany.com/listing/4721-kentner-ct-carlsbad-ca-92010/']"
primary-domain,Above & Beyond Real Estate,www.aboveandbeyondca.com,0 listings: []
primary-domain,Notch Luxury Properties,www.notchluxury.com,0 listings: []
primary-domain,Tierra Grande Real Estate,www.tierragrandeteam.com,0 listings: []
primary-domain,Landon Pacific Real Estate,www.landonpacific.com,0 listings: []
primary-domain,MDM Naples Real Estate,www.mdmnaplesrealestate.com,0 listings: []
primary-domain,Illuminate Properties (02),www.illuminateproperties.com,0 listings: []
primary-domain,The Good Label Real Estate,www.thegoodlabelre.com,0 listings: []
primary-domain,Portfolio Real Estate (2.0),www.portfoliore.com,0 listings: []
primary-domain,Palm & Ridge Real Estate,www.palmandridge.com,0 listings: []
primary-domain,Upside Texas Real Estate (2.0),www.upsidetexas.com,0 listings: []
primary-domain,NDA Real Estate,www.nda-re.com,0 listings: []
primary-domain,Times Real Estate California,www.timesrealestateca.com,1 listings: ['https://www.timesrealestateca.com/listing/1234-drive-way/']
primary-domain,Give2Give Realty,www.give2giverealty.com,0 listings: []
primary-domain,APG Real Estate,www.apgreal.com,0 listings: []
primary-domain,Sundial Real Estate,www.sundialrealestate.com,0 listings: []
primary-domain,SME Real Estate - New,www.smere.com,0 listings: []
primary-domain,Red Door Real Estate,www.reddoorca.com,0 listings: []
primary-domain,Elevate Group,www.goelevategroup.com,0 listings: []
primary-domain,Amalfi Estates (2.0),www.amalfiestates.com,0 listings: []
primary-domain,Real Estate Experts (2.0),www.therealexperts.com,0 listings: []
primary-domain,Society RE,www.globlred.com,"39 listings: ['https://www.globlred.com/listing/level-penthouse/', 'https://www.globlred.com/listing/888-vegas-view/', 'https://www.globlred.com/listing/hope-flower/', 'https://www.globlred.com/listing/mandarin-oriental/', 'https://www.globlred.com/listing/costa-palmas/', 'https://www.globlred.com/listing/vegas-vu/', 'https://www.globlred.com/listing/chicago-penthouse/', 'https://www.globlred.com/listing/ani-resorts/', 'https://www.globlred.com/listing/old-lighthouse-club/', 'https://www.globlred.com/listing/5505-n-casa-blanca/', 'https://www.globlred.com/listing/playa-vista/', 'https://www.globlred.com/listing/13073-bluff-creek-dr-playa-vista-90094/', 'https://www.globlred.com/listing/6250-hollywood-blvd-7e-hollywood-ca-90028/', 'https://www.globlred.com/listing/1436-n-detroit-st-unite-3-los-angeles-ca-90046/', 'https://www.globlred.com/listing/14506-benefit-street-unit104-sherman-oaks-ca-91403/', 'https://www.globlred.com/listing/24301-sylvan-glen-rd/', 'https://www.globlred.com/listing/1234-drive-way/', 'https://www.globlred.com/listing/casa-hidalgo/', 'https://www.globlred.com/listing/4215-glencoe-ave-122/', 'https://www.globlred.com/listing/426-e-simms-rd-palm-springs/', 'https://www.globlred.com/listing/hodges-bay/', 'https://www.globlred.com/listing/5831-seawalk-dr-236/', 'https://www.globlred.com/listing/5400-playa-vista-dr-25/', 'https://www.globlred.com/listing/1025-n-kings-rd-105/', 'https://www.globlred.com/listing/6030-seabluff-dr-416/', 'https://www.globlred.com/listing/278-n-11th-ave/', 'https://www.globlred.com/listing/2031-rocomare-rd/', 'https://www.globlred.com/listing/ricardo-homes/', 'https://www.globlred.com/listing/12895-runway-rd-5/', 'https://www.globlred.com/listing/6020-seabluff-dr-438/', 'https://www.globlred.com/listing/6683-franklin-ave-9/', 'https://www.globlred.com/listing/3901-kanan-rd/', 'https://www.globlred.com/listing/888-s-olive-st-ph/', 'https://www.globlred.com/listing/the-astaka/', 'https://www.globlred.com/listing/silversands/', 'https://www.globlred.com/listing/11553-sunshine-terrace/', 'https://www.globlred.com/listing/2265-meadowvale-ave/', 'https://www.globlred.com/listing/9152-janice-pl-bhpo-90210/', 'https://www.globlred.com/listing/six-senses-belize/']"
primary-domain,lodestonere,www.lodestoneca.com,0 listings: []
primary-domain,Reason Real Estate,www.reasonre.com,"8 listings: ['https://www.reasonre.com/listing/992-ocean-front/', 'https://www.reasonre.com/listing/1903-yacht-colinia/', 'https://www.reasonre.com/listing/120-via-waziers/', 'https://www.reasonre.com/listing/4014-channel-pl/', 'https://www.reasonre.com/listing/209-via-mentone/', 'https://www.reasonre.com/listing/406-avenida-ortega/', 'https://www.reasonre.com/listing/508-goldenrod/', 'https://www.reasonre.com/listing/247-emerald-bay/']"
primary-domain,Cygnus Estates,www.homesbycygnus.com,0 listings: []
primary-domain,Guide Real Estate,www.guiderealestateca.com,0 listings: []
primary-domain,Voyage Real Estate (2.0),www.voyagerealestatesf.com,0 listings: []
primary-domain,Town Real Estate V2,www.thetownre.com,0 listings: []
primary-domain,All City Homes - TX,www.allcityhomestx.com,0 listings: []
primary-domain,Honey Homes,www.honeyliving.com,0 listings: []
primary-domain,Mosaik Real Estate (2.0),www.mosaikrealestate.com,0 listings: []
Site Category,Site Name,Site Domain,Pocket Listings
primary-domain,Dogwood Realty,www.dogwoodrealtyfl.com,0 listings: []
primary-domain,Sanctuary Real Estate,www.liveyoursanctuary.com,0 listings: []
primary-domain,Chroma Realty,www.chromarealty.com,0 listings: []
primary-domain,Eve Capital,www.evecap.com,0 listings: []
primary-domain,Spoke Real Estate,www.spokere.com,0 listings: []
primary-domain,Victoria St. Real Estate,www.victoriastreetrealestate.com,0 listings: []
primary-domain,Current Coastal Realty,www.currentcoastalrealty.com,0 listings: []
primary-domain,Upswing Real Estate,www.upswingrealestate.com,0 listings: []
primary-domain,Journey Real Estate,www.thejourneyre.com,0 listings: []
primary-domain,Ocean Blue Real Estate (2.0),www.oceanbluere.com,0 listings: []
primary-domain,Homes By Rise (2.0),www.homesbyrise.com,0 listings: []
primary-domain,Moxie Texas Real Estate,www.moxietexas.com,0 listings: []
primary-domain,Nova Real Estate (2.0),www.novabayarea.com,1 listings: ['https://www.novabayarea.com/listing/piedmont-bungalow-craftsman/']
primary-domain,First Coast Heroes Real Estate,www.firstcoastheroes.com,0 listings: []
primary-domain,Level 5 Real Estate,www.level5realestate.com,"3 listings: ['https://www.level5realestate.com/listing/escape-to-the-berkeley-hills/', 'https://www.level5realestate.com/listing/off-market-listing-awe-inspiring-views/', 'https://www.level5realestate.com/listing/1801-s-gaines-stlittle-rock-ar-72206/']"
primary-domain,FrontGate Real Estate,www.frontgaterealestate.com,"3 listings: ['https://www.frontgaterealestate.com/listing/stunning-reimagined-hidden-hills-estate/', 'https://www.frontgaterealestate.com/listing/zen-canyon-contemporary/', 'https://www.frontgaterealestate.com/listing/inspired-english-tudor-sanctuary/']"
primary-domain,Reach Real Estate,www.reachca.com,0 listings: []
primary-domain,Ovation Real Estate (2.0),www.ovationhomes.com,0 listings: []
primary-domain,Bevy Homes,www.bevyhomesca.com,"10 listings: ['https://www.bevyhomesca.com/listing/720-jones-street-top-floor-1-bd-den/', 'https://www.bevyhomesca.com/listing/brightly-updated-1bd-1ba-in-union-square/', 'https://www.bevyhomesca.com/listing/140-20th-avenue/', 'https://www.bevyhomesca.com/listing/1106-bush-street-302/', 'https://www.bevyhomesca.com/listing/90-alhambra-205-roomy-1bd-with-private-deck/', 'https://www.bevyhomesca.com/listing/1408-california-507-top-fl-nob-hill-jr-1bd-6-weeks-free/', 'https://www.bevyhomesca.com/listing/1402-leavenworth-huge-4bd-flat-in-nob-hill/', 'https://www.bevyhomesca.com/listing/861-sutter-103-spacious-1bd-1ba/', 'https://www.bevyhomesca.com/listing/1637-washington-3bd-3ba-den-nob-hill-treasure-near-lafayette-park/', 'https://www.bevyhomesca.com/listing/stunning-3-bedroom-flat-in-russian-hill/']"
primary-domain,Lifestyle Houston (2.0),www.loyalproperties.com,0 listings: []
primary-domain,Aethos Real Estate (2.0),www.aethosrealestate.com,1 listings: ['https://www.aethosrealestate.com/listing/453-teresita-boulevard/']
primary-domain,Core Realty Group (2.0),www.corerealtyteam.com,0 listings: []
primary-domain,Beachwise Real Estate,www.beachwiserealestate.com,0 listings: []
primary-domain,The Exception Realty,www.theexceptionrealty.com,0 listings: []
primary-domain,Pitch Real Estate,www.pitchrealestate.com,0 listings: []
primary-domain,Peace Harbor Real Estate,www.peaceharborrealestate.com,0 listings: []
primary-domain,Eleven Real Estate,www.elevencalifornia.com,0 listings: []
primary-domain,Prime Real Estate (2.0),www.goprimere.com,0 listings: []
primary-domain,Lavish Real Estate,www.lavishtexas.com,0 listings: []
primary-domain,Winkle & Company,www.winkleandcompany.com,0 listings: []
primary-domain,INNOVA Realty Group,www.innovarealtygroup.com,0 listings: []
primary-domain,Realm Real Estate,www.realmregroup.com,0 listings: []
primary-domain,Encore Real Estate,www.gotoencore.com,0 listings: []
primary-domain,Magnetic Residential,www.discovermagnetic.com,0 listings: []
primary-domain,Sac Platinum Real Estate,www.sacplatinumrealty.com,0 listings: []
primary-domain,Relay Real Estate,www.relayrealestate.com,0 listings: []
primary-domain,Doora Properties,www.dooraproperties.com,0 listings: []
primary-domain,Marin's Finest,www.marinsfinest.com,0 listings: []
primary-domain,Hive Real Estate,www.hiverealestateca.com,0 listings: []
primary-domain,BLVD Real Estate,www.blvdeastbay.com,0 listings: []
primary-domain,Bond Luxury Properties,www.bondluxuryproperties.com,0 listings: []
primary-domain,Compound Real Estate,www.compoundrealestate.com,0 listings: []
primary-domain,Hero Real Estate (2.0),www.herorealestate.com,0 listings: []
primary-domain,Caviar Global Properties,www.caviarglobalproperties.com,0 listings: []
primary-domain,Vivre Real Estate,www.vivrerealestate.com,1 listings: ['https://www.vivrerealestate.com/listing/231-dolores-st-mission-dolores-condo/']
primary-domain,Shining Star Real Estate,www.shiningstarrealestate.com,0 listings: []
primary-domain,Ignite Real Estate,www.igniterealestate.com,0 listings: []
primary-domain,Firsthand Properties,www.firsthandhomes.com,0 listings: []
primary-domain,Cultivate Real Estate,www.homesbycultivate.com,0 listings: []
primary-domain,Momentum Real Estate - Texas,www.momentumtxre.com,0 listings: []
primary-domain,Just Listed Socal,www.justlistedsocal.com,0 listings: []
primary-domain,Corey Aethos Real Estate (2.0),www.coreyye.com,0 listings: []
primary-domain,Sapphire Properties (2.0),www.sapphirerealtor.com,0 listings: []
primary-domain,Platinum One Real Estate (2.0),www.platinumgroupre.com,0 listings: []
primary-domain,Geary Do - Mosaik Real Estate (2.0),www.gearydo.com,0 listings: []
