Site Category,Site Name,Site Domain
sub-domain,Evan (Richard) Bliss,evan.bayregroup.com
sub-domain,Olympia Pistalu - Real Experts (2.0),olympia.therealexperts.com
sub-domain,Fatemah Nikchehi - Own Real Estate,bayarea.theownteam.com
sub-domain,Chris Rael - Olani Homes,theraelgroup.olanihomes.com
sub-domain,Azalia Benjamin-Mathis - Energy Realty,azaliamathishomesteam.energy-realty.com
sub-domain,Christy Pak - 8 Blocks Real Estate (2.0),christy.8blocksrealestate.com
sub-domain,The Norman Team - Energy Realty,thenormanteam.energy-realty.com
sub-domain,Thomas Feng - Momentum Realty (2.0),thomas.momentumbayarea.com
sub-domain,Tim Huxley - Room Real Estate,tim.roomsantacruz.com
sub-domain,Michelle Hodges - Lodestone Real Estate,mchodgesg.lodestoneca.com
sub-domain,Deven Ortiz - The Avenue Home collective,teamortiz.theavenuehc.com
sub-domain,Victoria Velazquez Amalfi Estates,victoria.amalfiestates.com
sub-domain,Cheyenne Ward - Perspective Real Estate,cheyenneward.indigogrouprealestate.com
sub-domain,Earle Makin - Tera Real Estate,earle.terarealestate.com
sub-domain,Mary Mouritsen - Beyond Realty,barefootbungalow.beyondrealtyfl.com
sub-domain,Randy Garcia - Kinetic Real Estate,randygarciaassociates.kineticrealestate.com
sub-domain,Cindy Lopez - Lodestone Real Estate,cindy.lodestoneca.com
sub-domain,Peter Eubank - Room Real Estate,epg.roomsantacruz.com
sub-domain,Aston Rose Sports And Entertainment - FL,fl.astonrosese.com
sub-domain,Shalini Reddy - City Real Estate,shalini.cityrealestatesf.com
sub-domain,Melissa Lanier - Bella Vie Real Estate,melissa.bellavierealestate.com
sub-domain,The Perez Home Team,theperezhometeam.guidere.com
sub-domain,Steven Bui - Tera Real Estate (2.0),steven.terarealestate.com
sub-domain,Courtney Jung - City Real Estate,junglennan.cityrealestatesf.com
sub-domain,Stephanie Carter - Nest Finders,monarchteam.nestfinderstx.com
sub-domain,Aston Rose Sports And Entertainment - CA,ca.astonrosese.com
sub-domain,Laura Taylor - Generation RE (2.0),laura.generationsf.com
sub-domain,J. Babcock (Prime Lux) - Momentum Luxury,prime.momentumlux.com
sub-domain,Rucker Schwartz - Legacy Real Est. (2.0),ruckerschwartz.legacysfhomes.com
sub-domain,Mauana Anderson - All City Homes,mauana.allcityhomes.com
sub-domain,James Headley - Beyond Realty,james.beyondrealtyfl.com
sub-domain,Stephen Lin - Everhome Real Estate,stephen.everhomere.com
sub-domain,Ricardo Alvarez - BLVD Real Estate,alvarezassociates.blvdeastbay.com
sub-domain,Hestia - Nest Finders TX,hestia.nestfinderstx.com
sub-domain,Lolita Bagramyan - Revel Real Estate,lolita.revelrealestate.com
sub-domain,Suzan Reily - City Real Estate,suzy.cityrealestatesf.com
sub-domain,Pat Lee - Mosaik Real Estate,patleeteam.mosaikrealestate.com
sub-domain,The Bloom Group - Velocity Realty,thebloomgroup.velocityrealtysd.com
sub-domain,Sheri Cunningham - Bella Vie Real Estate,sheri.bellavierealestate.com
sub-domain,Darlene Casey - Ocean Insiders,lovenaples.oceaninsidersre.com
sub-domain,Kevin Cole Cormack - BarbCo Real Estate,kc.realestatesf.com
sub-domain,Tuan Nguyen,tuan.bellavierealestate.com
sub-domain,Joy Liu - Helm Real Estate (2.0),joyliu.helmrealestate.com
sub-domain,Erika WIlson - Ennoble Realty,wilsonhomesteam.ennoblerealty.com
sub-domain,Katie Cleaver - Bella Vie Real Estate,katie.bellavierealestate.com
sub-domain,Tyson - Trillion Real Estate,tyson.trillionrealestate.com
sub-domain,City View Realty Group - NestFinders TX,cityview.nestfinderstx.com
sub-domain,Leslie Bauer - City Real Estate,highrises2homes.cityrealestatesf.com
sub-domain,Element Real Estate (2.0),jaimedupont.homesteadreca.com
sub-domain,Joshua Breen - Journey Real Estate,josh.thejourneyre.com
sub-domain,Norman Fung,normfung.mosaikrealestate.com
sub-domain,Danny Yadegar - Generation RE (2.0),danny.generationsf.com
sub-domain,Payal Ramsisaria - Real Estate Experts,payal.therealexperts.com
sub-domain,Leyla Alhosseini - Ascend Real Estate,leyla.ascendre.com
sub-domain,Yvette Illuminate (2.0),yvette.illuminateproperties.com
sub-domain,Michelle Wahler - Marterra,michelle.marterra.com
sub-domain,Robin Ward,robin.bellavierealestate.com
sub-domain,Beverly Savelli - Navigate Realty,beverly.teamnavigate.com
sub-domain,Nicole Mickle - Momentum Luxury,modernlivingcollectiongroup.momentumlux.com
sub-domain,Ashley Gimenez + Echelon Real Estate,gimenezrealtygroup.echeloncalifornia.com
sub-domain,Andy Weir - Stroyke Properties (2.0),andy.stroykeproperties.com
sub-domain,Ross Collins - Diamante Realty,collinssierra.diamanterealty.com
sub-domain,Anna Barbagelata - BarbCo Real Estate,anna.realestatesf.com
sub-domain,Bryan Jones - Nest Finders,thejonesteam.nestfinderstx.com
sub-domain,Nate Davis Navigate Realty,nate.teamnavigate.com
sub-domain,Victor Tran - Ascend Real Estate,vic.ascendre.com
sub-domain,Natalia Cerpa - Nest Finders - CA,cerpagroup.nestfindersca.com
sub-domain,Kelly Baldwin - Real Estate Experts,kelly.therealexperts.com
sub-domain,Ryan Bakalarski - City Real Estate,tbg.cityrealestatesf.com
sub-domain,Justin Hedemark - Helm Real Estate,justin.helmrealestate.com
sub-domain,Tim and Ryan - Real Estate Experts (2.0),timandryan.therealexperts.com
sub-domain,Maria Jimenez - Nest Finders,singular.nestfinderstx.com
sub-domain,scottpiperelation,scott.elationre.com
sub-domain,David Staruch - Nest Finders - FL,pelicanteam.nestfindersfl.com
sub-domain,Melissa Jean Stearns - Room Real Estate,mj.roomsantacruz.com
sub-domain,Oliver Kane - Boutique Real Estate,renovate.inmotionreca.com
sub-domain,Rosemary Yandell - Elation Real Estate,rosie.elationre.com
sub-domain,Nancy Foley - Pro Players Realty Usa,fancyrealty.proplayersrealtyusa.com
sub-domain,Jamie - Kindred SF Homes (2.0),jamiecomersf.kindredsfhomes.com
sub-domain,Holmes and Properties - Nest Finders,hpg.nestfinderstx.com
sub-domain,Karen Kounter - Major League Properties,karenkounterteam.majorleaguesocal.com
sub-domain,Dorothy Tangren - Echelon Real Estate,dorothy.echeloncalifornia.com
sub-domain,Nneka Jenkins - Real Estate Expert (2.0),nneka.therealexperts.com
sub-domain,Omar Murillo - Everhome Real Estate,omar.everhomere.com
sub-domain,Victor Tran - Kinetic Real Estate,vic.kineticrealestate.com
sub-domain,Nicole Castaneda - Nest Finders,ncg.nestfinderstx.com
sub-domain,Marcell - House of Kinoko (2.0),marcell.houseofkinoko.com
sub-domain,Wayne Ho,wayne.trustreca.com
sub-domain,MaryBeth McLaughlin - Room Real Estate,marybeth.roomsantacruz.com
sub-domain,Jury Hernandez - Luker & Co. Real Estate,thebeaconteam.lukerandco.com
sub-domain,Martin Leon - Harper Real Estate,martin.harperre.com
sub-domain,Joseph Hittinger,josephhittinger.mosaikrealestate.com
sub-domain,Morgan Dettling - Bella Vie Real Estate,morgan.bellavierealestate.com
sub-domain,Jonathan Dearman - City Real Estate,dearmangroup.cityrealestatesf.com
sub-domain,Glenda Dexter - Nest Finders - FL,thedextergroup.nestfindersfl.com
sub-domain,Tyler LaMoureaux - Bella Vie Real Estate,tyler.bellavierealestate.com
sub-domain,Dan Lamoureaux - Bella Vie Real Estate,dan.bellavierealestate.com
sub-domain,Bespoke Realty Group - Nest Finders,bespoke.nestfinderstx.com
sub-domain,Virginia Perillo - Momentum Luxury RE,beautifulhomes.momentumlux.com
sub-domain,Lynn Flynn - BarbCo Real Estate (2.0),lynn.realestatesf.com
sub-domain,Sarah Knauer - Amalfi Estates (2.0),sarah.amalfiestates.com
sub-domain,Anna Bellomo - District Homes,anna.district-homes.com
sub-domain,Katie Rothacker - Power of 2 (2.0),katie.powerof2realty.com
sub-domain,Oggi Kashi - Northpoint RE (2.0),oggi.yournorthpoint.com
sub-domain,SM Real Estate Group - Nest Finders,sm.nestfinderstx.com
sub-domain,Joan Gordon - City Real Estate (2.0),joan.cityrealestatesf.com
sub-domain,Audrey Carlos-Quiggins,audrey.therealexperts.com
sub-domain,Sandy Jones BarbCo Real Estate (2.0),sandyjones.realestatesf.com
sub-domain,Dev Singh - Real Estate Experts (2.0),devsingh.therealexperts.com
sub-domain,Marina Morales,marina.bellavierealestate.com
sub-domain,Michael Baldasarra - Bay Real Estate,michael.bayregroup.com
sub-domain,Kris Soudah - Fifty Hills Real Estate,soudahrealty.fiftyhills.com
sub-domain,Elizabeth Alligood - Times Real Estate,elizabethalligoodgroup.plusonerealestate.com
sub-domain,Brad Garofalo - Real Estate Experts,brad.therealexperts.com
sub-domain,Mike Annunziata - Northpoint (2.0),mike.yournorthpoint.com
sub-domain,Mario Desantis - Room Real Estate,mario.roomsantacruz.com
sub-domain,California Khare Real Estate Group - NF,ckre.nestfindersca.com
sub-domain,The Manley Team,themanleyteam.guidere.com
sub-domain,Margot Rose Edde - Bay Real Estate Group,margot.bayregroup.com
sub-domain,Anthony Scaraggi - Nest Finders - FL,dynamic.nestfindersfl.com
sub-domain,Shandy Stogsdill - Nest Finders,stogsdill.nestfinderstx.com
sub-domain,Tanya Lechner - Nest Finders,sunshine.nestfinderstx.com
sub-domain,Anthony Shepherd - Prime Real Estate,shepherdgroup.goprimere.com
sub-domain,Yvette Teng - Everhome Real Estate,yvette.everhomere.com
sub-domain,The Masih Team - Room Real Estate,evangela.roomsantacruz.com
sub-domain,Katharine Watton - Nest Finders,crg.nestfinderstx.com
sub-domain,Side Demo Subsite,agent1.sidedemo.com
sub-domain,Erin Mills - Lodestone Real Estate,erinmills.lodestoneca.com
sub-domain,Guillean Arradaza + Kinetic Real Estate,guillean.kineticrealestate.com
sub-domain,Laura Lanzone - Northpoint (2.0),laura.yournorthpoint.com
sub-domain,Sarah Jamshidi - Nest Finders,redfoxxrealtygroup.nestfinderstx.com
sub-domain,Eric Wanene - Banyan Commercial,thewanenegroup.banyanproperties.com
sub-domain,Latrice Deluna - Orion Real Estate,latricedelunahomes.theorionre.com
sub-domain,Roxana Alarcon - Energy Realty,roxana.energy-realty.com
sub-domain,Grecia Marin - Liv Texas,gmpgroup.livtexas.com
sub-domain,Gary Saydah - Helm Real Estate (2.0),gary.helmrealestate.com
sub-domain,Keely + Sylvia - Real Estate Team,keelyandsylvia.polaris-re.com
sub-domain,Amanda Martin - BarbCo Real Estate (2.0),amanda.realestatesf.com
sub-domain,Debbie Bruno - Bella Vie Real Estate,debbie.bellavierealestate.com
sub-domain,Colleen Hartley - Stroyke Prop (2.0),colleen.stroykeproperties.com
sub-domain,Meryl Bennan - BarbCo Real Estate,meryl.realestatesf.com
sub-domain,Greta Eoff - Bella Vie Real Estate,greta.bellavierealestate.com
sub-domain,"Thomas Nelson, Jr. - Bella Vie RE",tom.bellavierealestate.com
sub-domain,Shao-Ying (Shirley) Liang - Bay RE Group,shirley.bayregroup.com
sub-domain,Zachary Dworsky - Momentum Luxury RE,advantageluxurygroup.momentumlux.com
sub-domain,Tony Fery - Real Estate Experts,tony.therealexperts.com
sub-domain,Jaya Joshi,jaya.thetownre.com
sub-domain,Theresa Lee - Bella Vie Real Estate,theresa.bellavierealestate.com
sub-domain,Chelsea Shang - Momentum Realty (2.0),momentumsocal.momentumbayarea.com
sub-domain,Jocelyn Lomahan,jocelyn.theavenuehc.com
staging,SIMPLE Real Estate,simplere.wpengine.com
staging,Manor Real Estate - Legacy,manorre.wpengine.com
staging,Denton & Denton Group,dentonanddent2.wpengine.com
staging,Align Real Estate - CA,alignca.wpengine.com
staging,EQTY Real Estate,eqtyre.wpengine.com
staging,Debuire International Realty,debuirerealty.wpengine.com
staging,"Sand & Sea Investments, Inc.",sandseaprod.wpengine.com
staging,Cheyenne Ward - Duplicated,cheyenneprod.wpengine.com
staging,Fitted Real Estate,fittedre.wpengine.com
staging,Jaime DuPont,jaimedupont.wpengine.com
staging,Curtis Test Site,curtistestsite.wpengine.com
staging,Ahead of the Curve Homes,aotcprod.wpengine.com
staging,Ian Batra - Real Estate Experts,ianbatrarex.wpengine.com
staging,Urban Brokers Real Estate - MD,urbanbrokers.wpengine.com
staging,Cush Real Estate (2.0),cushrealestate.wpengine.com
staging,Local Insight Realty,localinsight.wpengine.com
staging,Rocks Realty,rocksrealty.wpengine.com
staging,On the Run Realty Group,ontherunrealty.wpengine.com
staging,VRAI Realty,vrairealty.wpengine.com
staging,Pink Mobile Homes,pinkmh.wpengine.com
staging,DPP Real Estate,dpprestg.wpengine.com
staging,Evoke Real Estate,evokeprod.wpengine.com
staging,Adrian - House of Kinoko (2.0),adriankinoko.wpengine.com
staging,Front Society,frontsociety.wpengine.com
staging,Zach's Test Site,victoriastre.wpengine.com
staging,Official Partners (Alexander Team),officialny.wpengine.com
staging,Madison Stomberg - Bella Vie Real Estate,stomberg.wpengine.com
staging,TeamFIT,teamfitre.wpengine.com
staging,The High Tide Group,hightidegroup.wpengine.com
staging,Mirror Real Estate,mirrorre.wpengine.com
staging,Ajility Real Estate,ajilityre.wpengine.com
staging,r Homes Group,rhomesgroup.wpengine.com
staging,Atlantic Waterfront Properties,atlanticwfp.wpengine.com
staging,Anvil Real Estate (2.0),anvilreinc.wpengine.com
staging,Homes By Slate,homesbyslate.wpengine.com
staging,David Ferrugio - Revel Real Estate (2.0),davidrevelreal.wpengine.com
staging,Cusp Real Estate,cuspreal.wpengine.com
staging,Strait Group,straitgroup.wpengine.com
staging,Outpost Real Estate,outpostreprod.wpengine.com
staging,redefinere,redefinere.wpengine.com
staging,Flatwater Realty,flatwaterre.wpengine.com
staging,Highrises2Homes - Leslie B - City RE,hr2h.wpengine.com
staging,OPT Real Estate,optrestg.wpengine.com
staging,Hedge Realty,hedgerealty.wpengine.com
staging,Karen Dorfman,karendorfman.wpengine.com
staging,Coastal Legacy Realty Group,coastallegacy.wpengine.com
staging,mountainluxuryprops,mountainluxury.wpengine.com
staging,Trend Real Estate,trendre.wpengine.com
staging,Steven Debug 09,stevendebug09.wpengine.com
staging,Jeremy Davidson - Ascend Real Estate,davidsonascend.wpengine.com
staging,Talent Real Estate,talentre.wpengine.com
staging,FLouDizonHomes,floudizonhomes.wpengine.com
staging,Integrity Texas Properties (2.0),integritytx2.wpengine.com
staging,Colorado Is Home,coloradoishome.wpengine.com
staging,The Cross Street Team,crossstreettm.wpengine.com
staging,Inside Real Estate,insidere.wpengine.com
staging,Ray Su,raysu.wpengine.com
staging,Resilient - To be deleted,resilientre.wpengine.com
staging,Keith Trainor - Room Real Estate,keithtrainor.wpengine.com
staging,givingbackre,givingbackre.wpengine.com
staging,The Alexander Team- Douglas Elliman RE,alexanderteam.wpengine.com
staging,bouHAUS,bouhausprod.wpengine.com
staging,Bespoke Realty,bespokerealty.wpengine.com
staging,Sand + Sea Real Estate,sandseare.wpengine.com
staging,Veridian Realty,veridianrealty.wpengine.com
staging,Paul Barbagelata BarbCo RE (2.0),paulbarbco.wpengine.com
staging,Scott Piper - Duplicated,scottelation.wpengine.com
staging,Hayley Elevation Real Estate,hayleyelevatio.wpengine.com
staging,True Florida Real Estate,trueflorida.wpengine.com
staging,DPP Real Estate,dppre.wpengine.com
staging,Abrams Momentum Group,abramsmomentum.wpengine.com
staging,Town Real Estate (2.0),thetownre.wpengine.com
primary-domain,True Houston,www.truehou.com
primary-domain,House Real Estate,www.houserealestate.com
primary-domain,calnativere,www.calnativere.com
primary-domain,Sterling Homes (2.0),www.sterlinghomesre.com
primary-domain,Asante Realty,www.asanterealty.com
primary-domain,Block Change Real Estate (2.0),www.blockchangere.com
primary-domain,Kinetic Real Estate (2.0),www.kineticrealestate.com
primary-domain,Hello Florida Real Estate,www.hellofloridarealestate.com
primary-domain,Rockford Realty,www.rockfordrealtyinc.com
primary-domain,Beppu Group,www.beppugroup.com
primary-domain,Monarch Real Estate,www.monarchrealestateca.com
primary-domain,Luxely Real Estate - Florida,www.luxelyrefl.com
primary-domain,Highland Premiere Real Estate,www.highlandpremiere.com
primary-domain,Onyx Wealth Realty,www.onyxwealthrealty.com
primary-domain,Oz Realty,www.ozrealtytx.com
primary-domain,Avant One Real Estate,www.avantonerealestate.com
primary-domain,Aplomb Real Estate,www.aplombrealestate.com
primary-domain,Atria Real Estate,www.atriare.com
primary-domain,Marterra Real Estate,www.marterra.com
primary-domain,Manor Real Estate,www.realestatemanor.com
primary-domain,8 Blocks Real Estate (2.0),www.8blocksrealestate.com
primary-domain,Power of 2 Realty (2.0),www.powerof2realty.com
primary-domain,Pointe Real Estate,www.pointereca.com
primary-domain,Crux Real Estate,www.cruxrealestate.com
primary-domain,InspireRE,www.homesbyinspire.com
primary-domain,Helm Real Estate (2.0),www.helmrealestate.com
primary-domain,Kelli Griggs - Navigate Realty (2.0),www.kelligriggs.com
primary-domain,Banyan Properties,www.banyanproperties.com
primary-domain,Clareo Real Estate,www.clareorealestate.com
primary-domain,The Niche,www.thenichere.com
primary-domain,Tera Real Estate,www.terarealestate.com
primary-domain,Bayside Real Estate Partners (2.0),www.baysidebrokers.com
primary-domain,Elevate Palm Springs (2.0),www.elevatepalmsprings.com
primary-domain,Prosper Real Estate (2.0),www.prospercalifornia.com
primary-domain,About Real Estate,www.aboutbayareare.com
primary-domain,The Nice Agent,www.theniceagent.com
primary-domain,Applause Real Estate,www.applauserealestategroup.com
primary-domain,Define Real Estate,www.definesdre.com
primary-domain,Artemis - Rochelle,www.rochellev.com
primary-domain,Allure Homes (2.0),www.allurehomesslo.com
primary-domain,All City Homes 2.0,www.allcityhomes.com
primary-domain,Legacy Properties Real Estate,www.equitylegacy.com
primary-domain,Brava Real Estate,www.bravare.com
primary-domain,Rainmaker Real Estate,www.rainmakerproperties.com
primary-domain,Aston Rose Sports And Entertainment,www.astonrosese.com
primary-domain,The Hope Group,www.hopegroupfl.com
primary-domain,Cascade Pacific Real Estate,www.cascadepacificgroup.com
primary-domain,Meraki Real Estate (2.0),www.meraki-realestate.com
primary-domain,Reveal Real Estate,www.revealrealestate.com
primary-domain,Elevation Real Estate (2.0),www.elevationrealestate.com
primary-domain,The Condo Experts,www.condosalesexperts.com
primary-domain,Pacific Plains Realty,www.pacificplainsrealty.com
primary-domain,realtylab,www.myrealtylab.com
primary-domain,Vantage Luxury Real Estate,www.vantageluxuryre.com
primary-domain,The Avenue Home Collective,www.theavenuehc.com
primary-domain,Skyline Commercial Real Estate,www.skylinecommercialadvisors.com
primary-domain,Republic Realty,www.republic209.com
primary-domain,Sage Real Estate,www.sageteam.com
primary-domain,JLUX Homes Realty Group,www.jluxhomes.com
primary-domain,SoCo Property,www.socoproperty.com
primary-domain,Zest Realty,www.zestrealtygroup.com
primary-domain,Upward Realty,www.upwardca.com
primary-domain,Momentum Bay Area (2.0),www.momentumbayarea.com
primary-domain,New Horizon Real Estate,www.newhorizonrealestate.com
primary-domain,Surge Real Estate,www.homesbysurge.com
primary-domain,Jackie and Rina - Culligan Group,www.jackieandrina.com
primary-domain,Align Real Estate,www.alignagents.com
primary-domain,Lineage Properties (seltzer),www.propertiesbylineage.com
primary-domain,Room Real Estate (2.0),www.roomsantacruz.com
primary-domain,The Davidson Group (2.0),www.davidsongroupre.com
primary-domain,House of Kinoko (2.0),www.houseofkinoko.com
primary-domain,Ross Valley Real Estate,www.rossvalleyrealestate.com
primary-domain,Five Diamond Realty,www.fivediamondrealty.com
primary-domain,Gravity Real Estate,www.gravityrealestate.com
primary-domain,Milieu Homes,www.milieuhomes.com
primary-domain,OPT Real Estate,www.theopt.com
primary-domain,Haylen Group (2.0),www.haylengroup.com
primary-domain,ICON Real Estate (2.0),www.icon-re.com
primary-domain,Allux Real Estate,www.alluxrealestate.com
primary-domain,Refined Real Estate,www.refinedre.com
primary-domain,The Skaggs Group,www.skaggsrealestategroup.com
primary-domain,Diamante Realty,www.diamanterealty.com
primary-domain,Pareto Real Estate,www.paretorealestate.com
primary-domain,Madrone Homes,www.madronehomes.com
primary-domain,Heath Real Estate,www.heathre.com
primary-domain,Shasta Living Real Estate,www.shastalivingrealestate.com
primary-domain,Waymaker Realty Advisors,www.waymakerca.com
primary-domain,Localist Realty,www.localistre.com
primary-domain,Melody - Anvil Real Estate (2.0),www.melodyandassociates.com
primary-domain,Glow Real Estate Collection,www.glowreaz.com
primary-domain,Plus One Real Estate,www.plusonerealestate.com
primary-domain,Facet Realty,www.facetrealtyfl.com
primary-domain,Pacific Keys Realty,www.pacifickeysrealty.com
primary-domain,Helios Real Estate,www.heliosrealestatetx.com
primary-domain,rainmakernancy,www.nancyreynoldshomes.com
primary-domain,Nest Finders TX (2.0),www.nestfinderstx.com
primary-domain,Luker & Co. Real Estate,www.lukerandco.com
primary-domain,Magnum Realty Group,www.magnumrealtygroup.com
primary-domain,Everhome Real Estate (2.0),www.everhomere.com
primary-domain,Trillion Real Estate (2.0),www.trillionrealestate.com
primary-domain,Nest Finders - CA,www.nestfindersca.com
primary-domain,Attain Real Estate,www.attainregroup.com
primary-domain,Ennoble Realty,www.ennoblerealty.com
primary-domain,Major League Properties,www.majorleaguesocal.com
primary-domain,Adapt Real Estate,www.adapt-realestate.com
primary-domain,Generation Real Estate (2.0),www.generationsf.com
primary-domain,Reach Realty,www.reachrealtyco.com
primary-domain,Kollab Real Estate,www.kollabre.com
primary-domain,Nexus Real Estate,www.nexusrealestateca.com
primary-domain,Concierge Properties,www.conciergeproperties.com
primary-domain,Brick Street Realty,www.brickstreetrealtygroup.com
primary-domain,Hum Real Estate,www.humrealestate.com
primary-domain,aspirelare,www.aspirelosangeles.com
primary-domain,Moving Results Realty,www.movingresultsrealty.com
primary-domain,City Real Estate,www.cityrealestatesf.com
primary-domain,Diamond Realty,www.diamondrealtyteam.com
primary-domain,Arista Realty,www.aristarealty.com
primary-domain,Echelon Real Estate,www.echeloncalifornia.com
primary-domain,Quantum Real Estate (2.0),www.quantumcalifornia.com
primary-domain,Live South Bay Local,www.livesouthbaylocal.com
primary-domain,Heritage Homes San Diego,www.heritagehomesre.com
primary-domain,Black Rose Real Estate,www.blackrosere.com
primary-domain,Backyard Real Estate,www.backyardre.com
primary-domain,SALA Homes Realty & Development,www.sala-homes.com
primary-domain,Boulevard Real Estate - SF,www.boulevardmarin.com
primary-domain,Harper Real Estate 2.0,www.harperre.com
primary-domain,stratatx,www.stratatx.com
primary-domain,Leah Conder - BarbCo Real Estate,www.leahconder.com
primary-domain,Ringon Homes,www.ringonhomes.com
primary-domain,Kinship Real Estate,www.kinshipre.com
primary-domain,Blueprint California 2.0,www.blueprintcalifornia.com
primary-domain,Rivet Real Estate - CA,www.teamrivet.com
primary-domain,Westward Real Estate,www.westwardrealestate.com
primary-domain,California Relocation Network,www.calirelonet.com
primary-domain,wolfle,www.wolfluxuryestates.com
primary-domain,North Point Real Estate (2.0),www.yournorthpoint.com
primary-domain,Market Real Estate (2.0),www.marketsocal.com
primary-domain,Boutique Real Estate CA (02),www.boutiquerealestateca.com
primary-domain,View Luxury Estates,www.viewluxuryestateswa.com
primary-domain,Zen Realty,www.7zenrealty.com
primary-domain,Onyx Real Estate,www.onyx916.com
primary-domain,Coastal Real Estate Group,www.coastalgroupoc.com
primary-domain,RF Real Estate,www.raeidfarhat.com
primary-domain,Caimeiju Realty,www.caimeijurealty.com
primary-domain,Hearthstone Homes,www.hearthstonehomesre.com
primary-domain,HouseMe,www.housemerealty.com
primary-domain,homesteadreca,www.homesteadreca.com
primary-domain,Olani,www.olanihomes.com
primary-domain,Stroyke Properties (2.0),www.stroykeproperties.com
primary-domain,Folsom Lake Realty (2.0),www.folsomlakerealty.com
primary-domain,Sol Property Advisors,www.solpropertyadvisors.com
primary-domain,The Advisory Real Estate + Development,www.theadvisoryhtx.com
primary-domain,Trellis Real Estate,www.trellis-realestate.com
primary-domain,Velocity Realty,www.velocityrealtysd.com
primary-domain,The List Realty,www.thelistrealty.com
primary-domain,Beyond Realty,www.beyondrealtyfl.com
primary-domain,Pacific Edge Real Estate,www.pacificedgesf.com
primary-domain,Beach Line Properties,www.beachlineproperties.com
primary-domain,Concept Fine Homes & Estates,www.conceptfinehomes.com
primary-domain,Distinct Real Estate,www.distinctrealestate.com
primary-domain,Agency One Real Estate (2.0),www.agencyonerealestate.com
primary-domain,Sea Flag Homes,www.seaflaghomes.com
primary-domain,Tessellation Real Estate,www.tessellationre.com
primary-domain,WLM Realty & Co.,www.wlmrealtyco.com
primary-domain,Mint Real Estate,www.mintrealestate.com
primary-domain,Strive Real Estate,www.striveteam.com
primary-domain,Magnolia Homes,www.magnolianorcal.com
primary-domain,Flagstone Real Estate,www.flagstoneca.com
primary-domain,Touchstone Real Estate,www.touchstoneteam.com
primary-domain,Horizons Realty Group,www.horizonsrealtygroup.com
primary-domain,Barbco Real Estate (2.0),www.realestatesf.com
primary-domain,Team Navigate (2.0),www.teamnavigate.com
primary-domain,Black Label RE Group (2.0),www.blacklabelregroup.com
primary-domain,Elevate Real Estate,www.elevateregroup.com
primary-domain,Perch Real Estate,www.homesbyperch.com
primary-domain,Gather Homes,www.gatherhomes.com
primary-domain,Legend Texas Properties,www.legendtexas.com
primary-domain,Heyler Realty,www.heylerrealty.com
primary-domain,Casa Divina Real Estate,www.casadivinarealestate.com
primary-domain,Revel Real Estate (2.0),www.revelrealestate.com
primary-domain,1152 Realty,www.1152realty.com
primary-domain,Folio Real Estate,www.foliosandiego.com
primary-domain,Dockside Realty Inc.,www.docksiderealtyinc.com
primary-domain,Electric Estates,www.electricestatesla.com
primary-domain,InMotion Real Estate,www.inmotionreca.com
primary-domain,Continuum Real Estate,www.continuumrealestate.com
primary-domain,Orion Real Estate,www.theorionre.com
primary-domain,Triibe Real Estate,www.triiberealestate.com
primary-domain,Abode Real Estate,www.aboderegroup.com
primary-domain,Focus Real Estate,www.gofocusre.com
primary-domain,Center Real Estate,www.center-realestate.com
primary-domain,Katherine Rains - BarbCo,www.katrains.com
primary-domain,Wave Crest Real Estate (2.0),www.wavecrestre.com
primary-domain,Cove Canyon Realty (2.0),www.covecanyon.com
primary-domain,Thrive Real Estate (2.0),www.thriverealestate.com
primary-domain,The Topanga Life,www.topangalife.com
primary-domain,Stoop & Gable Homes,www.stoopandgable.com
primary-domain,Iota Realty,www.iota-realty.com
primary-domain,Reign West Collective,www.reignwestcollective.com
primary-domain,Merit Homes,www.homeswithmerit.com
primary-domain,Verano Real Estate,www.veranorealestate.com
primary-domain,SLCT Label Realty,www.slctlabel.com
primary-domain,Upside Real Estate,www.homesbyupside.com
primary-domain,Coastwoods Real Estate,www.coastwoods.com
primary-domain,Ocean Insiders (2.0),www.oceaninsidersre.com
primary-domain,Province Real Estate (2.0),www.provincebayarea.com
primary-domain,Monarch Homes and Land 2.0,www.monarchhomesandland.com
primary-domain,Latitude 30 Real Estate,www.latitude30realestate.com
primary-domain,Proof Real Estate,www.proofre.com
primary-domain,In Tide Realty,www.intiderealty.com
primary-domain,Ascend Elite Realty,www.ascendeliterealty.com
primary-domain,Pro Players Realty USA,www.proplayersrealtyusa.com
primary-domain,Haven,www.myhavenhome.com
primary-domain,Milestone Real Estate,www.remilestone.com
primary-domain,Anew Elite,www.aneweliterealty.com
primary-domain,Legacy Real Estate (2.0),www.legacysfhomes.com
primary-domain,Neighborhood Experts Real Estate,www.neighborhoodexpertswa.com
primary-domain,Perspective Real Estate (2.0),www.perspectivere.com
primary-domain,WorldView Real Estate,www.worldviewre.com
primary-domain,Sandy Arata Gandolfo - BarbCo Real Estat,www.sandygandolfo.com
primary-domain,Pulse Real Estate,www.mypulserealestate.com
primary-domain,Abacus Real Estate (2.0),www.abacusre.com
primary-domain,March Properties,www.marchproperties.com
primary-domain,Momentum Luxury Real Estate (2.0),www.momentumlux.com
primary-domain,Amplify Houston Realty,www.amplifyhoustonrealty.com
primary-domain,Concrete Real Estate,www.concreterealestateco.com
primary-domain,Energy Realty,www.energy-realty.com
primary-domain,Polaris Realty (2.0),www.polaris-re.com
primary-domain,Trust Real Estate (2.0),www.trustreca.com
primary-domain,Arrive Real Estate Group (2.0),www.arriveregroup.com
primary-domain,Dream Real Estate,www.dreamnorcal.com
primary-domain,Bella Vie Real Estate,www.bellavierealestate.com
primary-domain,Woodruff Miller (2.0),www.woodruffmiller.com
primary-domain,Agam Real Estate,www.agamrealestate.com
primary-domain,Do 1 Thing Real Estate,www.do1thingrealestate.com
primary-domain,Anchored Real Estate Group,www.anchoredregroup.com
primary-domain,Shameran Anderer - BarbCo RE (2.0),www.shameran.com
primary-domain,Canopy Realty,www.canopyrealtygroup.com
primary-domain,LA Real,www.larealproperty.com
primary-domain,Eastside West,www.eastsidewest.com
primary-domain,Upwell Realty,www.upwellrealty.com
primary-domain,Veritas Homes (2.0),www.veritashomes.com
primary-domain,Premier California Properties,www.premiercaproperties.com
primary-domain,Luxely Real Estate - Use,www.luxelyre.com
primary-domain,Remark International Realty,www.remarkrealestate.com
primary-domain,Ascend Real Estate (2.0),www.ascendre.com
primary-domain,BOK Realty (2.0),www.boksandiego.com
primary-domain,Evolve Real Estate (2.0),www.evolvereca.com
primary-domain,Verso Homes,www.homesbyverso.com
primary-domain,Happen Houston (2.0),www.happenhouston.com
primary-domain,Aijia Realty (2.0),www.aijiare.com
primary-domain,"Metis Real Estate, Inc.",www.metisre.com
primary-domain,Bay Real Estate Group (2.0),www.bayregroup.com
primary-domain,Attune Real Estate,www.attunere.com
primary-domain,Island Welcome Real Estate,www.islandwelcomerealestate.com
primary-domain,Cali Homes,www.calihomesre.com
primary-domain,The One Realty,www.theonerealty.com
primary-domain,The Own Team (2.0),www.theownteam.com
primary-domain,Kevin Shelburn - Bayside Real Estate,www.shelburnrealty.com
primary-domain,Brightwork Realty,www.brightworkrealty.com
primary-domain,Inmobi Properties,www.inmobiproperties.com
primary-domain,Rooted Real Estate,www.rootedrealestate.com
primary-domain,Arc Realty (2.0),www.arcrealtyca.com
primary-domain,Grove Realty (2.0),www.groverealtyca.com
primary-domain,Radiant Realty,www.radiantrealtyca.com
primary-domain,Framework Properties,www.frameworkpropertiestx.com
primary-domain,Notable Real Estate,www.notableteam.com
primary-domain,Symmetry Real Estate,www.symmetryrealestategroup.com
primary-domain,The DeMasi Group,www.thedemasigroup.com
primary-domain,Tribe Realty,www.homesbytribe.com
primary-domain,LivXplore Real Estate & Lifestyle,www.livxplore.com
primary-domain,Destination Real Estate,www.destinationmammoth.com
primary-domain,District Homes (2.0),www.district-homes.com
primary-domain,Spark Real Estate,www.sparksocal.com
primary-domain,Fifty Hills Real Estate,www.fiftyhills.com
primary-domain,Alamere Real Estate,www.alamererealestate.com
primary-domain,Real Estate 38 - New (2.0),www.re38.com
primary-domain,All Hands Real Estate,www.allhandsrealestate.com
primary-domain,Rinu Real Estate (2.0),www.rinurealestate.com
primary-domain,Kindred SF Homes (2.0),www.kindredsfhomes.com
primary-domain,Luminescent Real Estate,www.luminescentrealestateca.com
primary-domain,Nest FL,www.nestfindersfl.com
primary-domain,Willowmar Real Estate,www.willowmar.com
primary-domain,Stars & Stripes Real Estate,www.starsandstripesre.com
primary-domain,Costa Modern Properties,www.costamodernproperties.com
primary-domain,Key Realty,www.keyrealtysales.com
primary-domain,Level Up Realty (2.0),www.levelupbrokerage.com
primary-domain,Forward Real Estate,www.forwardrealestate.com
primary-domain,VividRE,www.homesbyvivid.com
primary-domain,Vision Real Estate & Design,www.californiavision.com
primary-domain,LivTexas,www.livtexas.com
primary-domain,Pivot Real Estate,www.pivotca.com
primary-domain,Kite Hill Real Estate,www.teamkitehill.com
primary-domain,Property Smart Real Estate,www.propertysmartre.com
primary-domain,Front Porch Realty,www.frontporchrealtygroup.com
primary-domain,Tampa Bay Key Real Estate,www.tampabaykey.com
primary-domain,Dreamscape Real Estate,www.dreamscaperealestateca.com
primary-domain,Edge REA (seltzer),www.edge-rea.com
primary-domain,Uncharted Real Estate,www.unchartedcre.com
primary-domain,Sela Homes (2.0),www.selahomes.com
primary-domain,Side Demo,www.sidedemo.com
primary-domain,Keel Real Estate,www.keelrealestate.com
primary-domain,Pacific Oak (2.0),www.pacificoakhomes.com
primary-domain,Elation Real Estate (2.0),www.elationre.com
primary-domain,Pillar Real Estate,www.pillarrealestate.com
primary-domain,Indigo Real Estate,www.indigogrouprealestate.com
primary-domain,Hollywood Estates,www.hollywoodestates.com
primary-domain,The Hobin Company,www.thehobincompany.com
primary-domain,Above & Beyond Real Estate,www.aboveandbeyondca.com
primary-domain,Notch Luxury Properties,www.notchluxury.com
primary-domain,Tierra Grande Real Estate,www.tierragrandeteam.com
primary-domain,Landon Pacific Real Estate,www.landonpacific.com
primary-domain,MDM Naples Real Estate,www.mdmnaplesrealestate.com
primary-domain,Illuminate Properties (02),www.illuminateproperties.com
primary-domain,The Good Label Real Estate,www.thegoodlabelre.com
primary-domain,Portfolio Real Estate (2.0),www.portfoliore.com
primary-domain,Palm & Ridge Real Estate,www.palmandridge.com
primary-domain,Upside Texas Real Estate (2.0),www.upsidetexas.com
primary-domain,NDA Real Estate,www.nda-re.com
primary-domain,Times Real Estate California,www.timesrealestateca.com
primary-domain,Give2Give Realty,www.give2giverealty.com
primary-domain,APG Real Estate,www.apgreal.com
primary-domain,Sundial Real Estate,www.sundialrealestate.com
primary-domain,SME Real Estate - New,www.smere.com
primary-domain,Red Door Real Estate,www.reddoorca.com
primary-domain,Elevate Group,www.goelevategroup.com
primary-domain,Amalfi Estates (2.0),www.amalfiestates.com
primary-domain,Real Estate Experts (2.0),www.therealexperts.com
primary-domain,Society RE,www.globlred.com
primary-domain,lodestonere,www.lodestoneca.com
primary-domain,Reason Real Estate,www.reasonre.com
primary-domain,Cygnus Estates,www.homesbycygnus.com
primary-domain,Guide Real Estate,www.guiderealestateca.com
primary-domain,Voyage Real Estate (2.0),www.voyagerealestatesf.com
primary-domain,Town Real Estate V2,www.thetownre.com
primary-domain,All City Homes - TX,www.allcityhomestx.com
primary-domain,Honey Homes,www.honeyliving.com
primary-domain,Mosaik Real Estate (2.0),www.mosaikrealestate.com
primary-domain,Dogwood Realty,www.dogwoodrealtyfl.com
primary-domain,Sanctuary Real Estate,www.liveyoursanctuary.com
primary-domain,Chroma Realty,www.chromarealty.com
primary-domain,Eve Capital,www.evecap.com
primary-domain,Spoke Real Estate,www.spokere.com
primary-domain,Victoria St. Real Estate,www.victoriastreetrealestate.com
primary-domain,Current Coastal Realty,www.currentcoastalrealty.com
primary-domain,Upswing Real Estate,www.upswingrealestate.com
primary-domain,Journey Real Estate,www.thejourneyre.com
primary-domain,Ocean Blue Real Estate (2.0),www.oceanbluere.com
primary-domain,Homes By Rise (2.0),www.homesbyrise.com
primary-domain,Moxie Texas Real Estate,www.moxietexas.com
primary-domain,Nova Real Estate (2.0),www.novabayarea.com
primary-domain,First Coast Heroes Real Estate,www.firstcoastheroes.com
primary-domain,Level 5 Real Estate,www.level5realestate.com
primary-domain,FrontGate Real Estate,www.frontgaterealestate.com
primary-domain,Reach Real Estate,www.reachca.com
primary-domain,Ovation Real Estate (2.0),www.ovationhomes.com
primary-domain,Bevy Homes,www.bevyhomesca.com
primary-domain,Lifestyle Houston (2.0),www.loyalproperties.com
primary-domain,Aethos Real Estate (2.0),www.aethosrealestate.com
primary-domain,Core Realty Group (2.0),www.corerealtyteam.com
primary-domain,Beachwise Real Estate,www.beachwiserealestate.com
primary-domain,The Exception Realty,www.theexceptionrealty.com
primary-domain,Pitch Real Estate,www.pitchrealestate.com
primary-domain,Peace Harbor Real Estate,www.peaceharborrealestate.com
primary-domain,Eleven Real Estate,www.elevencalifornia.com
primary-domain,Prime Real Estate (2.0),www.goprimere.com
primary-domain,Lavish Real Estate,www.lavishtexas.com
primary-domain,Winkle & Company,www.winkleandcompany.com
primary-domain,INNOVA Realty Group,www.innovarealtygroup.com
primary-domain,Realm Real Estate,www.realmregroup.com
primary-domain,Encore Real Estate,www.gotoencore.com
primary-domain,Magnetic Residential,www.discovermagnetic.com
primary-domain,Sac Platinum Real Estate,www.sacplatinumrealty.com
primary-domain,Relay Real Estate,www.relayrealestate.com
primary-domain,Doora Properties,www.dooraproperties.com
primary-domain,Marin's Finest,www.marinsfinest.com
primary-domain,Hive Real Estate,www.hiverealestateca.com
primary-domain,BLVD Real Estate,www.blvdeastbay.com
primary-domain,Bond Luxury Properties,www.bondluxuryproperties.com
primary-domain,Compound Real Estate,www.compoundrealestate.com
primary-domain,Hero Real Estate (2.0),www.herorealestate.com
primary-domain,Caviar Global Properties,www.caviarglobalproperties.com
primary-domain,Vivre Real Estate,www.vivrerealestate.com
primary-domain,Shining Star Real Estate,www.shiningstarrealestate.com
primary-domain,Ignite Real Estate,www.igniterealestate.com
primary-domain,Firsthand Properties,www.firsthandhomes.com
primary-domain,Cultivate Real Estate,www.homesbycultivate.com
primary-domain,Momentum Real Estate - Texas,www.momentumtxre.com
primary-domain,Just Listed Socal,www.justlistedsocal.com
primary-domain,Corey Aethos Real Estate (2.0),www.coreyye.com
primary-domain,Sapphire Properties (2.0),www.sapphirerealtor.com
primary-domain,Platinum One Real Estate (2.0),www.platinumgroupre.com
primary-domain,Geary Do - Mosaik Real Estate (2.0),www.gearydo.com
